-- MySQL dump 10.13  Distrib 5.7.18, for macos10.12 (x86_64)
--
-- Host: 146.203.54.78    Database: fairshake
-- ------------------------------------------------------
-- Server version	5.5.5-10.0.15-MariaDB

/*!40101 SET @OLD_CHARACTER_SET_CLIENT=@@CHARACTER_SET_CLIENT */;
/*!40101 SET @OLD_CHARACTER_SET_RESULTS=@@CHARACTER_SET_RESULTS */;
/*!40101 SET @OLD_COLLATION_CONNECTION=@@COLLATION_CONNECTION */;
/*!40101 SET NAMES utf8 */;
/*!40103 SET @OLD_TIME_ZONE=@@TIME_ZONE */;
/*!40103 SET TIME_ZONE='+00:00' */;
/*!40014 SET @OLD_UNIQUE_CHECKS=@@UNIQUE_CHECKS, UNIQUE_CHECKS=0 */;
/*!40014 SET @OLD_FOREIGN_KEY_CHECKS=@@FOREIGN_KEY_CHECKS, FOREIGN_KEY_CHECKS=0 */;
/*!40101 SET @OLD_SQL_MODE=@@SQL_MODE, SQL_MODE='NO_AUTO_VALUE_ON_ZERO' */;
/*!40111 SET @OLD_SQL_NOTES=@@SQL_NOTES, SQL_NOTES=0 */;

--
-- Table structure for table `average`
--

DROP TABLE IF EXISTS `average`;
/*!40101 SET @saved_cs_client     = @@character_set_client */;
/*!40101 SET character_set_client = utf8 */;
CREATE TABLE `average` (
  `resource_id` int(11) DEFAULT NULL,
  `q_id` int(11) DEFAULT NULL,
  `avg` double DEFAULT NULL,
  `project_id` int(11) DEFAULT '1'
) ENGINE=InnoDB DEFAULT CHARSET=latin1;
/*!40101 SET character_set_client = @saved_cs_client */;

--
-- Dumping data for table `average`
--

LOCK TABLES `average` WRITE;
/*!40000 ALTER TABLE `average` DISABLE KEYS */;
INSERT INTO `average` VALUES (7,1,0.5,1),(7,2,0.5,1),(7,3,-0.5,1),(7,4,-0.5,1),(7,5,-0.5,1),(7,6,-0.5,1),(7,7,-0.5,1),(7,8,-0.5,1),(7,9,0.5,1),(7,10,0,1),(7,11,0,1),(7,12,0.5,1),(7,13,0.5,1),(7,14,0.5,1),(7,15,0,1),(7,16,0.5,1),(5,1,0.5,1),(5,2,0.16666666666666666,1),(5,3,0.8333333333333334,1),(5,4,0.16666666666666666,1),(5,5,-0.16666666666666666,1),(5,6,0.6666666666666666,1),(5,7,0.5,1),(5,8,0.3333333333333333,1),(5,9,0.6666666666666666,1),(5,10,0.6666666666666666,1),(5,11,-0.16666666666666666,1),(5,12,-0.16666666666666666,1),(5,13,0,1),(5,14,0,1),(5,15,-0.5,1),(5,16,-0.3333333333333333,1),(1,1,0.333333333333,1),(1,2,0.333333333333,1),(1,3,0.333333333333,1),(1,4,1,1),(1,5,1,1),(1,6,0.333333333333,1),(1,7,1,1),(1,8,0.333333333333,1),(1,9,0.333333333333,1),(1,10,0.333333333333,1),(1,11,0.333333333333,1),(1,12,0.333333333333,1),(1,13,1,1),(1,14,0.333333333333,1),(1,15,-0.333333333333,1),(1,16,1,1),(12,1,0,1),(12,2,0,1),(12,3,0,1),(12,4,0,1),(12,5,0,1),(12,6,0,1),(12,7,1,1),(12,8,1,1),(12,9,0,1),(12,10,0,1),(12,11,0,1),(12,12,0,1),(12,13,0,1),(12,14,0,1),(12,15,0,1),(12,16,0,1),(4,1,0.5,1),(4,2,1,1),(4,3,0.5,1),(4,4,1,1),(4,5,1,1),(4,6,1,1),(4,7,1,1),(4,8,0.5,1),(4,9,0.75,1),(4,10,0.5,1),(4,11,0.5,1),(4,12,0.5,1),(4,13,0.5,1),(4,14,0,1),(4,15,0,1),(4,16,0.5,1),(3,1,-0.2,1),(3,2,0,1),(3,3,0.4,1),(3,4,0,1),(3,5,0,1),(3,6,0,1),(3,7,-0.4,1),(3,8,0,1),(3,9,-0.2,1),(3,10,0.6,1),(3,11,0,1),(3,12,-0.2,1),(3,13,0,1),(3,14,0.4,1),(3,15,0.4,1),(3,16,0.4,1),(2,1,0,1),(2,2,0.25,1),(2,3,-0.25,1),(2,4,0.5,1),(2,5,0,1),(2,6,0,1),(2,7,0,1),(2,8,0.25,1),(2,9,0,1),(2,10,0.5,1),(2,11,-0.5,1),(2,12,0.5,1),(2,13,0,1),(2,14,0.25,1),(2,15,0,1),(2,16,0.5,1),(9,1,1,1),(9,2,-1,1),(9,3,1,1),(9,4,1,1),(9,5,1,1),(9,6,1,1),(9,7,1,1),(9,8,1,1),(9,9,1,1),(9,10,0,1),(9,11,-1,1),(9,12,-1,1),(9,13,-1,1),(9,14,-1,1),(9,15,-1,1),(9,16,-1,1),(10,1,1,1),(10,2,0,1),(10,3,0.5,1),(10,4,1,1),(10,5,0,1),(10,6,0.5,1),(10,7,1,1),(10,8,0,1),(10,9,0.5,1),(10,10,1,1),(10,11,0,1),(10,12,0.5,1),(10,13,1,1),(10,14,-1,1),(10,15,-0.5,1),(10,16,0,1),(6,1,-1,1),(6,2,0.333333333333,1),(6,3,0,1),(6,4,-0.333333333333,1),(6,5,-0.666666666667,1),(6,6,1,1),(6,7,0.666666666667,1),(6,8,0,1),(6,9,0.666666666667,1),(6,10,0.333333333333,1),(6,11,0,1),(6,12,0.333333333333,1),(6,13,1,1),(6,14,0.333333333333,1),(6,15,0.333333333333,1),(6,16,0,1),(15,1,0,1),(15,2,-1,1),(15,3,1,1),(15,4,0,1),(15,5,-1,1),(15,6,1,1),(15,7,0,1),(15,8,-1,1),(15,9,1,1),(15,10,1,1),(15,11,1,1),(15,12,1,1),(15,13,1,1),(15,14,1,1),(15,15,1,1),(15,16,1,1),(20,1,1,1),(20,2,-1,1),(20,3,0,1),(20,4,1,1),(20,5,-1,1),(20,6,0,1),(20,7,0,1),(20,8,0,1),(20,9,0,1),(20,10,0,1),(20,11,0,1),(20,12,0,1),(20,13,0,1),(20,14,0,1),(20,15,0,1),(20,16,0,1),(44,17,1,1),(44,18,1,1),(44,19,1,1),(44,20,1,1),(44,21,0,1),(44,22,0,1),(44,23,0,1),(44,24,0,1),(44,25,1,1),(44,26,1,1),(44,27,1,1),(44,28,1,1),(44,29,1,1),(44,30,1,1),(44,31,1,1),(44,32,1,1),(46,17,1,1),(46,18,1,1),(46,19,1,1),(46,20,1,1),(46,21,1,1),(46,22,1,1),(46,23,1,1),(46,24,1,1),(46,25,1,1),(46,26,1,1),(46,27,1,1),(46,28,1,1),(46,29,1,1),(46,30,1,1),(46,31,1,1),(46,32,1,1),(45,17,1,1),(45,18,1,1),(45,19,1,1),(45,20,1,1),(45,21,1,1),(45,22,1,1),(45,23,1,1),(45,24,-1,1),(45,25,-1,1),(45,26,-1,1),(45,27,-1,1),(45,28,-1,1),(45,29,-1,1),(45,30,-1,1),(45,31,-1,1),(45,32,-1,1),(54,17,1,1),(54,18,1,1),(54,19,1,1),(54,20,1,1),(54,21,1,1),(54,22,1,1),(54,23,1,1),(54,24,1,1),(54,25,1,1),(54,26,1,1),(54,27,1,1),(54,28,1,1),(54,29,1,1),(54,30,1,1),(54,31,1,1),(54,32,1,1),(50,17,0,1),(50,18,0,1),(50,19,0,1),(50,20,0,1),(50,21,0,1),(50,22,0,1),(50,23,-1,1),(50,24,0,1),(50,25,0,1),(50,26,-1,1),(50,27,0,1),(50,28,-1,1),(50,29,-1,1),(50,30,-1,1),(50,31,0,1),(50,32,0,1),(55,33,0,2),(55,34,-1,2),(55,35,0,2),(55,36,0,2),(55,37,0,2),(55,38,-1,2),(55,39,-0.5,2),(55,40,0,2),(55,41,0,2),(55,42,0,2),(55,43,-0.5,2),(55,44,0,2),(55,45,0,2),(55,46,0,2),(55,47,0,2),(55,48,0,2),(57,33,1,2),(57,34,1,2),(57,35,1,2),(57,36,1,2),(57,37,1,2),(57,38,1,2),(57,39,1,2),(57,40,1,2),(57,41,1,2),(57,42,1,2),(57,43,1,2),(57,44,1,2),(57,45,1,2),(57,46,1,2),(57,47,1,2),(57,48,1,2),(56,33,0,2),(56,34,-1,2),(56,35,-0.5,2),(56,36,-1,2),(56,37,0,2),(56,38,-1,2),(56,39,0,2),(56,40,-1,2),(56,41,0,2),(56,42,-1,2),(56,43,0,2),(56,44,-1,2),(56,45,0,2),(56,46,-1,2),(56,47,0,2),(56,48,-1,2),(52,17,1,1),(52,18,1,1),(52,19,1,1),(52,20,1,1),(52,21,1,1),(52,22,1,1),(52,23,1,1),(52,24,1,1),(52,25,1,1),(52,26,1,1),(52,27,1,1),(52,28,1,1),(52,29,1,1),(52,30,1,1),(52,31,1,1),(52,32,1,1),(70,33,1,2),(70,34,1,2),(70,35,1,2),(70,36,1,2),(70,37,1,2),(70,38,1,2),(70,39,1,2),(70,40,1,2),(70,41,1,2),(70,42,1,2),(70,43,1,2),(70,44,1,2),(70,45,1,2),(70,46,1,2),(70,47,1,2),(70,48,1,2),(71,33,1,2),(71,34,-1,2),(71,35,1,2),(71,36,-1,2),(71,37,1,2),(71,38,-1,2),(71,39,1,2),(71,40,-1,2),(71,41,1,2),(71,42,-1,2),(71,43,1,2),(71,44,-1,2),(71,45,1,2),(71,46,-1,2),(71,47,1,2),(71,48,-1,2),(72,33,1,2),(72,34,1,2),(72,35,1,2),(72,36,1,2),(72,37,1,2),(72,38,1,2),(72,39,1,2),(72,40,1,2),(72,41,1,2),(72,42,1,2),(72,43,1,2),(72,44,1,2),(72,45,1,2),(72,46,1,2),(72,47,1,2),(72,48,1,2),(60,33,1,2),(60,34,0.5,2),(60,35,0,2),(60,36,1,2),(60,37,0.5,2),(60,38,0,2),(60,39,1,2),(60,40,0.5,2),(60,41,0,2),(60,42,1,2),(60,43,0.5,2),(60,44,0,2),(60,45,1,2),(60,46,0.5,2),(60,47,0,2),(60,48,1,2),(63,33,-1,4),(63,34,-1,4),(63,35,-1,4),(63,36,-1,4),(63,37,-1,4),(63,38,-1,4),(63,39,-1,4),(63,40,-1,4),(63,41,-1,4),(63,42,-1,4),(63,43,-1,4),(63,44,-1,4),(63,45,-1,4),(63,46,-1,4),(63,47,-1,4),(63,48,-1,4),(47,17,-1,1),(47,18,-1,1),(47,19,-1,1),(47,20,-1,1),(47,21,1,1),(47,22,1,1),(47,23,1,1),(47,24,1,1),(47,25,1,1),(47,26,1,1),(47,27,1,1),(47,28,1,1),(47,29,1,1),(47,30,1,1),(47,31,1,1),(47,32,1,1),(48,17,1,1),(48,18,1,1),(48,19,1,1),(48,20,1,1),(48,21,1,1),(48,22,1,1),(48,23,1,1),(48,24,1,1),(48,25,1,1),(48,26,1,1),(48,27,1,1),(48,28,1,1),(48,29,1,1),(48,30,1,1),(48,31,1,1),(48,32,1,1),(59,33,0,2),(59,34,1,2),(59,35,1,2),(59,36,1,2),(59,37,1,2),(59,38,1,2),(59,39,1,2),(59,40,1,2),(59,41,1,2),(59,42,1,2),(59,43,1,2),(59,44,1,2),(59,45,1,2),(59,46,1,2),(59,47,1,2),(59,48,1,2),(61,33,1,4),(61,34,1,4),(61,35,1,4),(61,36,1,4),(61,37,0,4),(61,38,1,4),(61,39,1,4),(61,40,1,4),(61,41,1,4),(61,42,1,4),(61,43,1,4),(61,44,1,4),(61,45,0,4),(61,46,0,4),(61,47,0,4),(61,48,0,4),(62,33,0,4),(62,34,-1,4),(62,35,0,4),(62,36,-1,4),(62,37,0,4),(62,38,-1,4),(62,39,0,4),(62,40,-1,4),(62,41,0,4),(62,42,-1,4),(62,43,0,4),(62,44,-1,4),(62,45,-0.5,4),(62,46,-0.5,4),(62,47,-0.5,4),(62,48,-0.5,4),(73,33,0,2),(73,34,-1,2),(73,35,-1,2),(73,36,-1,2),(73,37,-1,2),(73,38,-1,2),(73,39,-1,2),(73,40,-1,2),(73,41,-1,2),(73,42,-1,2),(73,43,-1,2),(73,44,-1,2),(73,45,1,2),(73,46,1,2),(73,47,1,2),(73,48,1,2),(49,17,1,1),(49,18,1,1),(49,19,1,1),(49,20,1,1),(49,21,1,1),(49,22,1,1),(49,23,1,1),(49,24,1,1),(49,25,-1,1),(49,26,-1,1),(49,27,-1,1),(49,28,-1,1),(49,29,-1,1),(49,30,-1,1),(49,31,-1,1),(49,32,-1,1),(11,1,0,1),(11,2,1,1),(11,3,1,1),(11,4,1,1),(11,5,1,1),(11,6,1,1),(11,7,1,1),(11,8,1,1),(11,9,1,1),(11,10,1,1),(11,11,1,1),(11,12,1,1),(11,13,1,1),(11,14,1,1),(11,15,1,1),(11,16,1,1),(80,33,-1,5),(80,34,-1,5),(80,35,-1,5),(80,36,-1,5),(80,37,1,5),(80,38,1,5),(80,39,1,5),(80,40,1,5),(80,41,-1,5),(80,42,-1,5),(80,43,-1,5),(80,44,-1,5),(80,45,1,5),(80,46,1,5),(80,47,1,5),(80,48,1,5),(89,17,1,1),(89,18,1,1),(89,19,1,1),(89,20,1,1),(89,21,1,1),(89,22,1,1),(89,23,1,1),(89,24,1,1),(89,25,1,1),(89,26,1,1),(89,27,1,1),(89,28,1,1),(89,29,1,1),(89,30,1,1),(89,31,1,1),(89,32,1,1),(58,33,1,2),(58,34,1,2),(58,35,1,2),(58,36,1,2),(58,37,1,2),(58,38,1,2),(58,39,1,2),(58,40,1,2),(58,41,-1,2),(58,42,-1,2),(58,43,-1,2),(58,44,-1,2),(58,45,-1,2),(58,46,-1,2),(58,47,-1,2),(58,48,-1,2),(68,1,0,3),(68,2,1,3),(68,3,0,3),(68,4,1,3),(68,5,-1,3),(68,6,0,3),(68,7,-1,3),(68,8,0,3),(68,9,-0.5,3),(68,10,0.5,3),(68,11,-0.5,3),(68,12,0.5,3),(68,13,-0.5,3),(68,14,0.5,3),(68,15,-0.5,3),(68,16,0.5,3),(69,1,1,3),(69,2,1,3),(69,3,1,3),(69,4,1,3),(69,5,1,3),(69,6,1,3),(69,7,0,3),(69,8,1,3),(69,9,1,3),(69,10,1,3),(69,11,1,3),(69,12,-1,3),(69,13,1,3),(69,14,1,3),(69,15,1,3),(69,16,1,3),(78,33,0,5),(78,34,0,5),(78,35,0,5),(78,36,-1,5),(78,37,-1,5),(78,38,-1,5),(78,39,0,5),(78,40,0,5),(78,41,0.5,5),(78,42,0.5,5),(78,43,-0.5,5),(78,44,0,5),(78,45,-0.5,5),(78,46,-0.5,5),(78,47,-0.5,5),(78,48,-0.5,5),(79,33,1,5),(79,34,1,5),(79,35,1,5),(79,36,-1,5),(79,37,-1,5),(79,38,-1,5),(79,39,0,5),(79,40,0,5),(79,41,0,5),(79,42,-1,5),(79,43,-1,5),(79,44,-1,5),(79,45,1,5),(79,46,1,5),(79,47,1,5),(79,48,0,5),(85,33,1,5),(85,34,1,5),(85,35,1,5),(85,36,1,5),(85,37,1,5),(85,38,0,5),(85,39,0,5),(85,40,0,5),(85,41,0,5),(85,42,0,5),(85,43,1,5),(85,44,1,5),(85,45,1,5),(85,46,1,5),(85,47,1,5),(85,48,1,5),(83,33,1,5),(83,34,1,5),(83,35,1,5),(83,36,1,5),(83,37,0,5),(83,38,0,5),(83,39,0,5),(83,40,-1,5),(83,41,0,5),(83,42,0,5),(83,43,-1,5),(83,44,1,5),(83,45,0,5),(83,46,1,5),(83,47,1,5),(83,48,1,5),(97,17,1,1),(97,18,1,1),(97,19,1,1),(97,20,-1,1),(97,21,-1,1),(97,22,-1,1),(97,23,-1,1),(97,24,-1,1),(97,25,-1,1),(97,26,-1,1),(97,27,-1,1),(97,28,-1,1),(97,29,-1,1),(97,30,-1,1),(97,31,-1,1),(97,32,-1,1),(98,17,-1,1),(98,18,-1,1),(98,19,-1,1),(98,20,-1,1),(98,21,1,1),(98,22,0,1),(98,23,1,1),(98,24,-1,1),(98,25,1,1),(98,26,1,1),(98,27,1,1),(98,28,1,1),(98,29,-1,1),(98,30,-1,1),(98,31,-1,1),(98,32,-1,1),(102,17,1,1),(102,18,1,1),(102,19,1,1),(102,20,-1,1),(102,21,-1,1),(102,22,-1,1),(102,23,-1,1),(102,24,1,1),(102,25,1,1),(102,26,1,1),(102,27,1,1),(102,28,-1,1),(102,29,-1,1),(102,30,-1,1),(102,31,0,1),(102,32,1,1),(106,17,1,1),(106,18,1,1),(106,19,1,1),(106,20,1,1),(106,21,-1,1),(106,22,-1,1),(106,23,-1,1),(106,24,-1,1),(106,25,1,1),(106,26,1,1),(106,27,1,1),(106,28,1,1),(106,29,-1,1),(106,30,-1,1),(106,31,-1,1),(106,32,-1,1),(8,1,0.666666666666667,1),(8,2,0,1),(8,3,0,1),(8,4,0.666666666666667,1),(8,5,0.666666666666667,1),(8,6,0.666666666666667,1),(8,7,0,1),(8,8,0,1),(8,9,0.666666666666667,1),(8,10,0.666666666666667,1),(8,11,0.666666666666667,1),(8,12,0.666666666666667,1),(8,13,0,1),(8,14,0.666666666666667,1),(8,15,0.666666666666667,1),(8,16,0.666666666666667,1),(114,1,0.5,3),(114,2,1,3),(114,3,1,3),(114,4,1,3),(114,5,1,3),(114,6,1,3),(114,7,0.5,3),(114,8,1,3),(114,9,1,3),(114,10,1,3),(114,11,1,3),(114,12,1,3),(114,13,1,3),(114,14,1,3),(114,15,1,3),(114,16,1,3),(64,33,1,4),(64,34,1,4),(64,35,1,4),(64,36,1,4),(64,37,1,4),(64,38,1,4),(64,39,1,4),(64,40,1,4),(64,41,1,4),(64,42,1,4),(64,43,1,4),(64,44,1,4),(64,45,-1,4),(64,46,-1,4),(64,47,-1,4),(64,48,-1,4),(16,1,1,1),(16,2,-1,1),(16,3,0,1),(16,4,1,1),(16,5,-1,1),(16,6,0,1),(16,7,1,1),(16,8,-1,1),(16,9,0,1),(16,10,1,1),(16,11,-1,1),(16,12,0,1),(16,13,1,1),(16,14,1,1),(16,15,1,1),(16,16,1,1),(23,1,1,1),(23,2,1,1),(23,3,1,1),(23,4,1,1),(23,5,0,1),(23,6,1,1),(23,7,1,1),(23,8,1,1),(23,9,1,1),(23,10,1,1),(23,11,1,1),(23,12,1,1),(23,13,1,1),(23,14,1,1),(23,15,1,1),(23,16,1,1),(76,17,0.5,1),(76,18,1,1),(76,19,0,1),(76,20,1,1),(76,21,1,1),(76,22,1,1),(76,23,1,1),(76,24,0,1),(76,25,1,1),(76,26,1,1),(76,27,0,1),(76,28,0,1),(76,29,0,1),(76,30,0,1),(76,31,0.5,1),(76,32,1,1),(14,1,0,1),(14,2,1,1),(14,3,1,1),(14,4,1,1),(14,5,1,1),(14,6,1,1),(14,7,1,1),(14,8,1,1),(14,9,1,1),(14,10,1,1),(14,11,1,1),(14,12,1,1),(14,13,1,1),(14,14,1,1),(14,15,1,1),(14,16,1,1),(120,17,-1,1),(120,18,-1,1),(120,19,-1,1),(120,20,-1,1),(120,21,-1,1),(120,22,-1,1),(120,23,-1,1),(120,24,-1,1),(120,25,-1,1),(120,26,-1,1),(120,27,-1,1),(120,28,-1,1),(120,29,-1,1),(120,30,-1,1),(120,31,-1,1),(120,32,-1,1),(93,33,1,4),(93,34,1,4),(93,35,-1,4),(93,36,1,4),(93,37,1,4),(93,38,1,4),(93,39,1,4),(93,40,1,4),(93,41,1,4),(93,42,-1,4),(93,43,-1,4),(93,44,-1,4),(93,45,1,4),(93,46,1,4),(93,47,1,4),(93,48,1,4),(75,1,1,3),(75,2,1,3),(75,3,1,3),(75,4,1,3),(75,5,0,3),(75,6,1,3),(75,7,1,3),(75,8,1,3),(75,9,1,3),(75,10,1,3),(75,11,1,3),(75,12,1,3),(75,13,1,3),(75,14,1,3),(75,15,1,3),(75,16,1,3),(121,17,1,1),(121,18,1,1),(121,19,-1,1),(121,20,-1,1),(121,21,-1,1),(121,22,-1,1),(121,23,-1,1),(121,24,-1,1),(121,25,-1,1),(121,26,-1,1),(121,27,-1,1),(121,28,-1,1),(121,29,-1,1),(121,30,-1,1),(121,31,-1,1),(121,32,-1,1),(18,1,0,1),(18,2,1,1),(18,3,1,1),(18,4,1,1),(18,5,1,1),(18,6,1,1),(18,7,1,1),(18,8,1,1),(18,9,1,1),(18,10,1,1),(18,11,1,1),(18,12,1,1),(18,13,1,1),(18,14,1,1),(18,15,1,1),(18,16,1,1),(19,1,0,1),(19,2,1,1),(19,3,1,1),(19,4,1,1),(19,5,1,1),(19,6,1,1),(19,7,1,1),(19,8,1,1),(19,9,1,1),(19,10,1,1),(19,11,1,1),(19,12,1,1),(19,13,1,1),(19,14,1,1),(19,15,1,1),(19,16,1,1),(122,17,-1,1),(122,18,-1,1),(122,19,-1,1),(122,20,-1,1),(122,21,-1,1),(122,22,-1,1),(122,23,-1,1),(122,24,-1,1),(122,25,-1,1),(122,26,-1,1),(122,27,-1,1),(122,28,-1,1),(122,29,-1,1),(122,30,-1,1),(122,31,-1,1),(122,32,-1,1),(13,1,0.5,1),(13,2,1,1),(13,3,1,1),(13,4,1,1),(13,5,1,1),(13,6,1,1),(13,7,0,1),(13,8,0,1),(13,9,0,1),(13,10,0,1),(13,11,0,1),(13,12,0.5,1),(13,13,1,1),(13,14,1,1),(13,15,1,1),(13,16,1,1),(123,17,-1,1),(123,18,-1,1),(123,19,-1,1),(123,20,-1,1),(123,21,-1,1),(123,22,-1,1),(123,23,1,1),(123,24,1,1),(123,25,1,1),(123,26,1,1),(123,27,1,1),(123,28,1,1),(123,29,1,1),(123,30,1,1),(123,31,1,1),(123,32,1,1),(81,33,0,5),(81,34,1,5),(81,35,1,5),(81,36,1,5),(81,37,1,5),(81,38,1,5),(81,39,1,5),(81,40,1,5),(81,41,1,5),(81,42,1,5),(81,43,1,5),(81,44,1,5),(81,45,1,5),(81,46,1,5),(81,47,1,5),(81,48,1,5),(17,1,0,1),(17,2,1,1),(17,3,1,1),(17,4,1,1),(17,5,1,1),(17,6,1,1),(17,7,1,1),(17,8,1,1),(17,9,1,1),(17,10,1,1),(17,11,1,1),(17,12,1,1),(17,13,1,1),(17,14,1,1),(17,15,1,1),(17,16,1,1),(124,17,0,1),(124,18,0,1),(124,19,1,1),(124,20,1,1),(124,21,1,1),(124,22,1,1),(124,23,1,1),(124,24,1,1),(124,25,1,1),(124,26,1,1),(124,27,1,1),(124,28,1,1),(124,29,1,1),(124,30,1,1),(124,31,1,1),(124,32,1,1),(128,1,1,3),(128,2,-1,3),(128,3,1,3),(128,4,-1,3),(128,5,0,3),(128,6,-1,3),(128,7,-1,3),(128,8,-1,3),(128,9,1,3),(128,10,0,3),(128,11,0,3),(128,12,1,3),(128,13,0,3),(128,14,-1,3),(128,15,1,3),(128,16,0,3);
/*!40000 ALTER TABLE `average` ENABLE KEYS */;
UNLOCK TABLES;

--
-- Table structure for table `evaluation`
--

DROP TABLE IF EXISTS `evaluation`;
/*!40101 SET @saved_cs_client     = @@character_set_client */;
/*!40101 SET character_set_client = utf8 */;
CREATE TABLE `evaluation` (
  `user_id` int(11) DEFAULT NULL,
  `resource_id` int(11) DEFAULT NULL,
  `q_id` int(11) DEFAULT NULL,
  `answer` text,
  `comment` text,
  `project_id` int(11) DEFAULT '1'
) ENGINE=InnoDB DEFAULT CHARSET=latin1;
/*!40101 SET character_set_client = @saved_cs_client */;

--
-- Dumping data for table `evaluation`
--

LOCK TABLES `evaluation` WRITE;
/*!40000 ALTER TABLE `evaluation` DISABLE KEYS */;
INSERT INTO `evaluation` VALUES (8,5,1,'no',NULL,1),(8,5,2,'no',NULL,1),(8,5,3,'yes',NULL,1),(8,5,4,'no',NULL,1),(8,5,5,'no',NULL,1),(8,5,6,'yes',NULL,1),(8,5,7,'no',NULL,1),(8,5,8,'no',NULL,1),(8,5,9,'yes',NULL,1),(8,5,10,'no',NULL,1),(8,5,11,'no',NULL,1),(8,5,12,'yes',NULL,1),(8,5,13,'no',NULL,1),(8,5,14,'yes',NULL,1),(8,5,15,'no',NULL,1),(8,5,16,'no',NULL,1),(10,5,1,'yesbut','o',1),(10,5,2,'yesbut','k',1),(10,5,3,'yes',NULL,1),(10,5,4,'yesbut','h',1),(10,5,5,'yesbut','g',1),(10,5,6,'yesbut','f',1),(10,5,7,'yesbut','d',1),(10,5,8,'yes',NULL,1),(10,5,9,'yes',NULL,1),(10,5,10,'yes',NULL,1),(10,5,11,'yes',NULL,1),(10,5,12,'no',NULL,1),(10,5,13,'yes',NULL,1),(10,5,14,'no',NULL,1),(10,5,15,'no',NULL,1),(10,5,16,'no',NULL,1),(17,5,1,'yes',NULL,1),(17,5,2,'yes',NULL,1),(17,5,3,'yes',NULL,1),(17,5,4,'yes',NULL,1),(17,5,5,'yes',NULL,1),(17,5,6,'yes',NULL,1),(17,5,7,'yes',NULL,1),(17,5,8,'yes',NULL,1),(17,5,9,'yes',NULL,1),(17,5,10,'yes',NULL,1),(17,5,11,'yes',NULL,1),(17,5,12,'no',NULL,1),(17,5,13,'no',NULL,1),(17,5,14,'no',NULL,1),(17,5,15,'no',NULL,1),(17,5,16,'no',NULL,1),(21,1,1,'yes',NULL,1),(21,1,2,'yes',NULL,1),(21,1,3,'yes',NULL,1),(21,1,4,'yes',NULL,1),(21,1,5,'yes',NULL,1),(21,1,6,'yes',NULL,1),(21,1,7,'yes',NULL,1),(21,1,8,'yes',NULL,1),(21,1,9,'yes',NULL,1),(21,1,10,'yes',NULL,1),(21,1,11,'yes',NULL,1),(21,1,12,'yes',NULL,1),(21,1,13,'yes',NULL,1),(21,1,14,'yes',NULL,1),(21,1,15,'yes',NULL,1),(21,1,16,'yes',NULL,1),(21,2,1,'no',NULL,1),(21,2,2,'no',NULL,1),(21,2,3,'no',NULL,1),(21,2,4,'no',NULL,1),(21,2,5,'no',NULL,1),(21,2,6,'no',NULL,1),(21,2,7,'no',NULL,1),(21,2,8,'no',NULL,1),(21,2,9,'no',NULL,1),(21,2,10,'no',NULL,1),(21,2,11,'no',NULL,1),(21,2,12,'no',NULL,1),(21,2,13,'no',NULL,1),(21,2,14,'no',NULL,1),(21,2,15,'no',NULL,1),(21,2,16,'no',NULL,1),(21,3,1,'yesbut','2',1),(21,3,2,'yesbut','2',1),(21,3,3,'yesbut','2',1),(21,3,4,'yesbut','2',1),(21,3,5,'yesbut','2',1),(21,3,6,'yesbut','2',1),(21,3,7,'yesbut','2',1),(21,3,8,'yesbut','2',1),(21,3,9,'yesbut','2',1),(21,3,10,'yesbut','2',1),(21,3,11,'yesbut','2',1),(21,3,12,'yesbut','2',1),(21,3,13,'yesbut','2',1),(21,3,14,'yesbut','2',1),(21,3,15,'yesbut','2',1),(21,3,16,'yesbut','2',1),(21,4,1,'yes',NULL,1),(21,4,2,'yes',NULL,1),(21,4,3,'no',NULL,1),(21,4,4,'yes',NULL,1),(21,4,5,'yes',NULL,1),(21,4,6,'yes',NULL,1),(21,4,7,'yes',NULL,1),(21,4,8,'yes',NULL,1),(21,4,9,'yesbut','sldf',1),(21,4,10,'yes',NULL,1),(21,4,11,'yes',NULL,1),(21,4,12,'yes',NULL,1),(21,4,13,'yes',NULL,1),(21,4,14,'no',NULL,1),(21,4,15,'no',NULL,1),(21,4,16,'no',NULL,1),(21,5,1,'yes',NULL,1),(21,5,2,'no',NULL,1),(21,5,3,'yesbut','a',1),(21,5,4,'yes',NULL,1),(21,5,5,'no',NULL,1),(21,5,6,'yesbut','e',1),(21,5,7,'yes',NULL,1),(21,5,8,'no',NULL,1),(21,5,9,'yesbut','i',1),(21,5,10,'yes',NULL,1),(21,5,11,'no',NULL,1),(21,5,12,'yesbut','o',1),(21,5,13,'yes',NULL,1),(21,5,14,'no',NULL,1),(21,5,15,'yesbut','u',1),(21,5,16,'yes',NULL,1),(21,6,1,'no',NULL,1),(21,6,2,'yesbut','e',1),(21,6,3,'yes',NULL,1),(21,6,4,'no',NULL,1),(21,6,5,'yesbut','o',1),(21,6,6,'yes',NULL,1),(21,6,7,'yesbut','owe',1),(21,6,8,'yesbut','a',1),(21,6,9,'yesbut','q',1),(21,6,10,'yes',NULL,1),(21,6,11,'yesbut','sd',1),(21,6,12,'yes',NULL,1),(21,6,13,'yes',NULL,1),(21,6,14,'yes',NULL,1),(21,6,15,'yes',NULL,1),(21,6,16,'yesbut','pdf',1),(21,7,2,'yes','null',1),(21,7,3,'yes','null',1),(21,7,4,'yes','null',1),(21,7,5,'yes','null',1),(21,7,6,'yes','null',1),(21,7,7,'yes','null',1),(21,7,8,'yes','null',1),(21,7,9,'yes','null',1),(21,7,10,'yes','null',1),(21,7,11,'yes','null',1),(21,7,12,'yes','null',1),(21,7,13,'yes','null',1),(21,7,14,'yes','null',1),(21,7,15,'yes','null',1),(21,7,16,'yes','null',1),(21,8,1,'yesbut','a',1),(21,8,2,'yesbut','a',1),(21,8,3,'yesbut','a',1),(21,8,4,'yesbut','a',1),(21,8,5,'yesbut','a',1),(21,8,6,'yesbut','a',1),(21,8,7,'yesbut','a',1),(21,8,8,'yesbut','a',1),(21,8,9,'yesbut','a',1),(21,8,10,'yesbut','a',1),(21,8,11,'yesbut','a',1),(21,8,12,'yesbut','a',1),(21,8,13,'yesbut','a',1),(21,8,14,'yesbut','a',1),(21,8,15,'yesbut','a',1),(21,8,16,'yesbut','a',1),(22,3,1,'no',NULL,1),(22,3,2,'no',NULL,1),(22,3,3,'yes',NULL,1),(22,3,4,'no',NULL,1),(22,3,5,'yes',NULL,1),(22,3,6,'no',NULL,1),(22,3,7,'no',NULL,1),(22,3,8,'yes',NULL,1),(22,3,9,'no',NULL,1),(22,3,10,'yesbut','whoo',1),(22,3,11,'yes',NULL,1),(22,3,12,'no',NULL,1),(22,3,13,'yes',NULL,1),(22,3,14,'yes',NULL,1),(22,3,15,'yes',NULL,1),(22,3,16,'yes',NULL,1),(22,2,1,'yes',NULL,1),(22,2,2,'yes',NULL,1),(22,2,3,'yes',NULL,1),(22,2,4,'yes',NULL,1),(22,2,5,'yes',NULL,1),(22,2,6,'no',NULL,1),(22,2,7,'yes',NULL,1),(22,2,8,'yes',NULL,1),(22,2,9,'yes',NULL,1),(22,2,10,'yes',NULL,1),(22,2,11,'no',NULL,1),(22,2,12,'yes',NULL,1),(22,2,13,'yes',NULL,1),(22,2,14,'yes',NULL,1),(22,2,15,'yes',NULL,1),(22,2,16,'yes',NULL,1),(22,8,1,'yes',NULL,1),(22,8,2,'no',NULL,1),(22,8,3,'no',NULL,1),(22,8,4,'yes',NULL,1),(22,8,5,'yes',NULL,1),(22,8,6,'yes',NULL,1),(22,8,7,'no',NULL,1),(22,8,8,'no',NULL,1),(22,8,9,'yes',NULL,1),(22,8,10,'yes',NULL,1),(22,8,11,'yes',NULL,1),(22,8,12,'yes',NULL,1),(22,8,13,'no',NULL,1),(22,8,14,'yes',NULL,1),(22,8,15,'yes',NULL,1),(22,8,16,'yes',NULL,1),(22,7,1,'yes',NULL,1),(22,7,2,'yes',NULL,1),(22,7,3,'no',NULL,1),(22,7,4,'no',NULL,1),(22,7,5,'no',NULL,1),(22,7,6,'no',NULL,1),(22,7,7,'no',NULL,1),(22,7,8,'no',NULL,1),(22,7,9,'yes',NULL,1),(22,7,10,'yesbut','bye',1),(22,7,11,'yesbut','sd',1),(22,7,12,'yes',NULL,1),(22,7,13,'yes',NULL,1),(22,7,14,'yes',NULL,1),(22,7,15,'yesbut','but',1),(22,7,16,'yes',NULL,1),(22,5,1,'yes',NULL,1),(22,5,2,'yes',NULL,1),(22,5,3,'yes',NULL,1),(22,5,4,'no',NULL,1),(22,5,5,'no',NULL,1),(22,5,6,'yes',NULL,1),(22,5,7,'yes',NULL,1),(22,5,8,'yes',NULL,1),(22,5,9,'yesbut','okokokok',1),(22,5,10,'yes',NULL,1),(22,5,11,'no',NULL,1),(22,5,12,'no',NULL,1),(22,5,13,'no',NULL,1),(22,5,14,'yes',NULL,1),(22,5,15,'no',NULL,1),(22,5,16,'no',NULL,1),(9,2,1,'yes',NULL,1),(9,2,2,'yesbut','hit',1),(9,2,3,'yesbut','hello',1),(9,2,4,'yes',NULL,1),(9,2,5,'yes',NULL,1),(9,2,6,'yes',NULL,1),(9,2,7,'yes',NULL,1),(9,2,8,'yes',NULL,1),(9,2,9,'yes',NULL,1),(9,2,10,'yes',NULL,1),(9,2,11,'yes',NULL,1),(9,2,12,'yes',NULL,1),(9,2,13,'yes',NULL,1),(9,2,14,'yesbut','hi',1),(9,2,15,'yes',NULL,1),(9,2,16,'yes',NULL,1),(9,1,1,'yes',NULL,1),(9,1,2,'no',NULL,1),(9,1,3,'yes',NULL,1),(9,1,4,'yes',NULL,1),(9,1,5,'yes',NULL,1),(9,1,6,'no',NULL,1),(9,1,7,'yes',NULL,1),(9,1,8,'yes',NULL,1),(9,1,9,'yes',NULL,1),(9,1,10,'no',NULL,1),(9,1,11,'yes',NULL,1),(9,1,12,'yes',NULL,1),(9,1,13,'yes',NULL,1),(9,1,14,'yes',NULL,1),(9,1,15,'no',NULL,1),(9,1,16,'yes',NULL,1),(9,3,1,'yes',NULL,1),(9,3,2,'yes',NULL,1),(9,3,3,'yes',NULL,1),(9,3,4,'yes',NULL,1),(9,3,5,'yes',NULL,1),(9,3,6,'yes',NULL,1),(9,3,7,'yes',NULL,1),(9,3,8,'yes',NULL,1),(9,3,9,'yesbut','heeds',1),(9,3,10,'yes',NULL,1),(9,3,11,'yes',NULL,1),(9,3,12,'yes',NULL,1),(9,3,13,'yes',NULL,1),(9,3,14,'yes',NULL,1),(9,3,15,'yes',NULL,1),(9,3,16,'yes',NULL,1),(23,3,1,'yesbut','oo',1),(23,3,2,'no',NULL,1),(23,3,3,'no',NULL,1),(23,3,4,'no',NULL,1),(23,3,5,'no',NULL,1),(23,3,6,'no',NULL,1),(23,3,7,'no',NULL,1),(23,3,8,'no',NULL,1),(23,3,9,'no',NULL,1),(23,3,10,'yes',NULL,1),(23,3,11,'no',NULL,1),(23,3,12,'no',NULL,1),(23,3,13,'no',NULL,1),(23,3,14,'no',NULL,1),(23,3,15,'no',NULL,1),(23,3,16,'no',NULL,1),(24,4,1,'no',NULL,1),(24,4,2,'yes',NULL,1),(24,4,3,'yes',NULL,1),(24,4,4,'yes',NULL,1),(24,4,5,'yes',NULL,1),(24,4,6,'yes',NULL,1),(24,4,7,'yes',NULL,1),(24,4,8,'yes',NULL,1),(24,4,9,'yes',NULL,1),(24,4,10,'no',NULL,1),(24,4,11,'no',NULL,1),(24,4,12,'no',NULL,1),(24,4,13,'no',NULL,1),(24,4,14,'no',NULL,1),(24,4,15,'no',NULL,1),(24,4,16,'yes',NULL,1),(24,5,1,'yes',NULL,1),(24,5,2,'yes',NULL,1),(24,5,3,'yes',NULL,1),(24,5,4,'yes',NULL,1),(24,5,5,'yes',NULL,1),(24,5,6,'yes',NULL,1),(24,5,7,'yes',NULL,1),(24,5,8,'yes',NULL,1),(24,5,9,'yes',NULL,1),(24,5,10,'yes',NULL,1),(24,5,11,'yesbut','comm',1),(24,5,12,'yes',NULL,1),(24,5,13,'yes',NULL,1),(24,5,14,'yes',NULL,1),(24,5,15,'yes',NULL,1),(24,5,16,'yes',NULL,1),(29,1,1,'no',NULL,1),(29,1,2,'yes',NULL,1),(29,1,3,'no',NULL,1),(29,1,4,'yes',NULL,1),(29,1,5,'yes',NULL,1),(29,1,6,'yes',NULL,1),(29,1,7,'yes',NULL,1),(29,1,8,'no',NULL,1),(29,1,9,'no',NULL,1),(29,1,10,'yes',NULL,1),(29,1,11,'no',NULL,1),(29,1,12,'no',NULL,1),(29,1,13,'yes',NULL,1),(29,1,14,'no',NULL,1),(29,1,15,'no',NULL,1),(29,1,16,'yes',NULL,1),(15,6,1,'no',NULL,1),(15,6,2,'yesbut','nice nice',1),(15,6,3,'yesbut','nice nice',1),(15,6,4,'yesbut','nice nice',1),(15,6,5,'no',NULL,1),(15,6,6,'yes',NULL,1),(15,6,7,'yes',NULL,1),(15,6,8,'yes',NULL,1),(15,6,9,'yes',NULL,1),(15,6,10,'yes',NULL,1),(15,6,11,'yes',NULL,1),(15,6,12,'yes',NULL,1),(15,6,13,'yes',NULL,1),(15,6,14,'yes',NULL,1),(15,6,15,'yes',NULL,1),(15,6,16,'yes',NULL,1),(30,4,1,'yes',NULL,1),(30,4,2,'yes',NULL,1),(30,4,3,'yes',NULL,1),(30,4,4,'yes',NULL,1),(30,4,5,'yes',NULL,1),(30,4,6,'yes',NULL,1),(30,4,7,'yes',NULL,1),(30,4,8,'yes',NULL,1),(30,4,9,'yes',NULL,1),(30,4,10,'yes',NULL,1),(30,4,11,'yes',NULL,1),(30,4,12,'yes',NULL,1),(30,4,13,'yes',NULL,1),(30,4,14,'yes',NULL,1),(30,4,15,'yes',NULL,1),(30,4,16,'yes',NULL,1),(8,12,1,'yes',NULL,1),(8,12,2,'yes',NULL,1),(8,12,3,'yes',NULL,1),(8,12,4,'yes',NULL,1),(8,12,5,'yes',NULL,1),(8,12,6,'yes',NULL,1),(8,12,7,'yes',NULL,1),(8,12,8,'yes',NULL,1),(8,12,9,'no',NULL,1),(8,12,10,'no',NULL,1),(8,12,11,'no',NULL,1),(8,12,12,'no',NULL,1),(8,12,13,'no',NULL,1),(8,12,14,'no',NULL,1),(8,12,15,'no',NULL,1),(8,12,16,'no',NULL,1),(21,10,1,'yes',NULL,1),(21,10,2,'no',NULL,1),(21,10,3,'yesbut','p',1),(21,10,4,'yes',NULL,1),(21,10,5,'no',NULL,1),(21,10,6,'yesbut','p',1),(21,10,7,'yes',NULL,1),(21,10,8,'no',NULL,1),(21,10,9,'yesbut','p',1),(21,10,10,'yes',NULL,1),(21,10,11,'no',NULL,1),(21,10,12,'yesbut','p',1),(21,10,13,'yes',NULL,1),(21,10,14,'no',NULL,1),(21,10,15,'yesbut','p',1),(21,10,16,'yes',NULL,1),(21,12,1,'no',NULL,1),(21,12,2,'no',NULL,1),(21,12,3,'no',NULL,1),(21,12,4,'no',NULL,1),(21,12,5,'no',NULL,1),(21,12,6,'no',NULL,1),(21,12,7,'yes',NULL,1),(21,12,8,'yes',NULL,1),(21,12,9,'yes',NULL,1),(21,12,10,'yes',NULL,1),(21,12,11,'yes',NULL,1),(21,12,12,'yes',NULL,1),(21,12,13,'yes',NULL,1),(21,12,14,'yes',NULL,1),(21,12,15,'yes',NULL,1),(21,12,16,'yes',NULL,1),(37,4,1,'yes',NULL,1),(37,4,2,'yes',NULL,1),(37,4,3,'yes',NULL,1),(37,4,4,'yes',NULL,1),(37,4,5,'yes',NULL,1),(37,4,6,'yes',NULL,1),(37,4,7,'yes',NULL,1),(37,4,8,'no',NULL,1),(37,4,9,'yes',NULL,1),(37,4,10,'yes',NULL,1),(37,4,11,'yes',NULL,1),(37,4,12,'yes',NULL,1),(37,4,13,'yes',NULL,1),(37,4,14,'yes',NULL,1),(37,4,15,'yes',NULL,1),(37,4,16,'yes',NULL,1),(21,7,1,'no','null',1),(38,3,1,'no',NULL,1),(38,3,2,'yes',NULL,1),(38,3,3,'yes',NULL,1),(38,3,4,'yes',NULL,1),(38,3,5,'no',NULL,1),(38,3,6,'yes',NULL,1),(38,3,7,'no',NULL,1),(38,3,8,'no',NULL,1),(38,3,9,'yes',NULL,1),(38,3,10,'yes',NULL,1),(38,3,11,'no',NULL,1),(38,3,12,'yesbut','hi',1),(38,3,13,'no',NULL,1),(38,3,14,'yes',NULL,1),(38,3,15,'yes',NULL,1),(38,3,16,'yes',NULL,1),(29,2,1,'no',NULL,1),(29,2,2,'yes',NULL,1),(29,2,3,'no',NULL,1),(29,2,4,'yes',NULL,1),(29,2,5,'no',NULL,1),(29,2,6,'yes',NULL,1),(29,2,7,'no',NULL,1),(29,2,8,'yesbut','???',1),(29,2,9,'no',NULL,1),(29,2,10,'yes',NULL,1),(29,2,11,'no',NULL,1),(29,2,12,'yes',NULL,1),(29,2,13,'no',NULL,1),(29,2,14,'yes',NULL,1),(29,2,15,'no',NULL,1),(29,2,16,'yes',NULL,1),(39,9,1,'yes',NULL,1),(39,9,2,'no',NULL,1),(39,9,3,'yes',NULL,1),(39,9,4,'yes',NULL,1),(39,9,5,'yes',NULL,1),(39,9,6,'yes',NULL,1),(39,9,7,'yes',NULL,1),(39,9,8,'yes',NULL,1),(39,9,9,'yes',NULL,1),(39,9,10,'yesbut','hello new',1),(39,9,11,'no',NULL,1),(39,9,12,'no',NULL,1),(39,9,13,'no',NULL,1),(39,9,14,'no',NULL,1),(39,9,15,'no',NULL,1),(39,9,16,'no',NULL,1),(39,10,1,'yes',NULL,1),(39,10,2,'yes',NULL,1),(39,10,3,'yes',NULL,1),(39,10,4,'yes',NULL,1),(39,10,5,'yes',NULL,1),(39,10,6,'yes',NULL,1),(39,10,7,'yes',NULL,1),(39,10,8,'yes',NULL,1),(39,10,9,'yes',NULL,1),(39,10,10,'yes',NULL,1),(39,10,11,'yes',NULL,1),(39,10,12,'yes',NULL,1),(39,10,13,'yes',NULL,1),(39,10,14,'no',NULL,1),(39,10,15,'no',NULL,1),(39,10,16,'no',NULL,1),(29,6,1,'no',NULL,1),(29,6,2,'yes',NULL,1),(29,6,3,'no',NULL,1),(29,6,4,'yesbut','TESTING',1),(29,6,5,'no',NULL,1),(29,6,6,'yes',NULL,1),(29,6,7,'yes',NULL,1),(29,6,8,'no',NULL,1),(29,6,9,'yes',NULL,1),(29,6,10,'no',NULL,1),(29,6,11,'no',NULL,1),(29,6,12,'no',NULL,1),(29,6,13,'yes',NULL,1),(29,6,14,'no',NULL,1),(29,6,15,'no',NULL,1),(29,6,16,'no',NULL,1),(21,15,1,'yesbut','hi',1),(21,15,2,'no',NULL,1),(21,15,3,'yes',NULL,1),(21,15,4,'yesbut','no hi',1),(21,15,5,'no',NULL,1),(21,15,6,'yes',NULL,1),(21,15,7,'yesbut','hi no',1),(21,15,8,'no',NULL,1),(21,15,9,'yes',NULL,1),(21,15,10,'yes',NULL,1),(21,15,11,'yes',NULL,1),(21,15,12,'yes',NULL,1),(21,15,13,'yes',NULL,1),(21,15,14,'yes',NULL,1),(21,15,15,'yes',NULL,1),(21,15,16,'yes',NULL,1),(21,20,1,'yes',NULL,1),(21,20,2,'no',NULL,1),(21,20,3,'yesbut','go',1),(21,20,4,'yes',NULL,1),(21,20,5,'no',NULL,1),(21,20,6,'yesbut','g',1),(21,20,7,'yesbut','o',1),(21,20,8,'yesbut','go',1),(21,20,9,'yesbut','o',1),(21,20,10,'yesbut','o',1),(21,20,11,'yesbut','o',1),(21,20,12,'yesbut','o',1),(21,20,13,'yesbut','o',1),(21,20,14,'yesbut','o',1),(21,20,15,'yesbut','o',1),(21,20,16,'yesbut','o',1),(39,44,17,'yes',NULL,1),(39,44,18,'yes',NULL,1),(39,44,19,'yes',NULL,1),(39,44,20,'yes',NULL,1),(39,44,21,'yesbut','o',1),(39,44,22,'yesbut','k',1),(39,44,23,'yesbut','a',1),(39,44,24,'yesbut','y',1),(39,44,25,'yes',NULL,1),(39,44,26,'yes',NULL,1),(39,44,27,'yes',NULL,1),(39,44,28,'yes',NULL,1),(39,44,29,'yes',NULL,1),(39,44,30,'yes',NULL,1),(39,44,31,'yes',NULL,1),(39,44,32,'yes',NULL,1),(39,46,17,'yes',NULL,1),(39,46,18,'yes',NULL,1),(39,46,19,'yes',NULL,1),(39,46,20,'yes',NULL,1),(39,46,21,'yes',NULL,1),(39,46,22,'yes',NULL,1),(39,46,23,'yes',NULL,1),(39,46,24,'yes',NULL,1),(39,46,25,'yes',NULL,1),(39,46,26,'yes',NULL,1),(39,46,27,'yes',NULL,1),(39,46,28,'yes',NULL,1),(39,46,29,'yes',NULL,1),(39,46,30,'yes',NULL,1),(39,46,31,'yes',NULL,1),(39,46,32,'yes',NULL,1),(21,45,17,'yes',NULL,1),(21,45,18,'yes',NULL,1),(21,45,19,'yes',NULL,1),(21,45,20,'yes',NULL,1),(21,45,21,'yes',NULL,1),(21,45,22,'yes',NULL,1),(21,45,23,'yes',NULL,1),(21,45,24,'no',NULL,1),(21,45,25,'no',NULL,1),(21,45,26,'no',NULL,1),(21,45,27,'no',NULL,1),(21,45,28,'no',NULL,1),(21,45,29,'no',NULL,1),(21,45,30,'no',NULL,1),(21,45,31,'no',NULL,1),(21,45,32,'no',NULL,1),(29,50,17,'yes',NULL,1),(29,50,18,'yes',NULL,1),(29,50,19,'yes',NULL,1),(29,50,20,'yes',NULL,1),(29,50,21,'yes',NULL,1),(29,50,22,'yes',NULL,1),(29,50,23,'no',NULL,1),(29,50,24,'yes',NULL,1),(29,50,25,'yes',NULL,1),(29,50,26,'no',NULL,1),(29,50,27,'yes',NULL,1),(29,50,28,'no',NULL,1),(29,50,29,'no',NULL,1),(29,50,30,'no',NULL,1),(29,50,31,'yes',NULL,1),(29,50,32,'yes',NULL,1),(39,54,17,'yes',NULL,1),(39,54,18,'yes',NULL,1),(39,54,19,'yes',NULL,1),(39,54,20,'yes',NULL,1),(39,54,21,'yes',NULL,1),(39,54,22,'yes',NULL,1),(39,54,23,'yes',NULL,1),(39,54,24,'yes',NULL,1),(39,54,25,'yes',NULL,1),(39,54,26,'yes',NULL,1),(39,54,27,'yes',NULL,1),(39,54,28,'yes',NULL,1),(39,54,29,'yes',NULL,1),(39,54,30,'yes',NULL,1),(39,54,31,'yes',NULL,1),(39,54,32,'yes',NULL,1),(39,50,17,'no',NULL,1),(39,50,18,'no',NULL,1),(39,50,19,'no',NULL,1),(39,50,20,'no',NULL,1),(39,50,21,'no',NULL,1),(39,50,22,'no',NULL,1),(39,50,23,'no',NULL,1),(39,50,24,'no',NULL,1),(39,50,25,'no',NULL,1),(39,50,26,'no',NULL,1),(39,50,27,'no',NULL,1),(39,50,28,'no',NULL,1),(39,50,29,'no',NULL,1),(39,50,30,'no',NULL,1),(39,50,31,'no',NULL,1),(39,50,32,'no',NULL,1),(39,56,33,'no',NULL,2),(39,56,34,'no',NULL,2),(39,56,35,'no',NULL,2),(39,56,36,'no',NULL,2),(39,56,37,'no',NULL,2),(39,56,38,'no',NULL,2),(39,56,39,'no',NULL,2),(39,56,40,'no',NULL,2),(39,56,41,'no',NULL,2),(39,56,42,'no',NULL,2),(39,56,43,'no',NULL,2),(39,56,44,'no',NULL,2),(39,56,45,'no',NULL,2),(39,56,46,'no',NULL,2),(39,56,47,'no',NULL,2),(39,56,48,'no',NULL,2),(39,55,33,'yes',NULL,2),(39,55,34,'no',NULL,2),(39,55,35,'yes',NULL,2),(39,55,36,'yes',NULL,2),(39,55,37,'yes',NULL,2),(39,55,38,'no',NULL,2),(39,55,39,'yesbut','c',2),(39,55,40,'yes',NULL,2),(39,55,41,'yes',NULL,2),(39,55,42,'yes',NULL,2),(39,55,43,'yesbut','o',2),(39,55,44,'yes',NULL,2),(39,55,45,'yes',NULL,2),(39,55,46,'yes',NULL,2),(39,55,47,'yes',NULL,2),(39,55,48,'yes',NULL,2),(8,55,33,'no',NULL,2),(8,55,34,'no',NULL,2),(8,55,35,'no',NULL,2),(8,55,36,'no',NULL,2),(8,55,37,'no',NULL,2),(8,55,38,'no',NULL,2),(8,55,39,'no',NULL,2),(8,55,40,'no',NULL,2),(8,55,41,'no',NULL,2),(8,55,42,'no',NULL,2),(8,55,43,'no',NULL,2),(8,55,44,'no',NULL,2),(8,55,45,'no',NULL,2),(8,55,46,'no',NULL,2),(8,55,47,'no',NULL,2),(8,55,48,'no',NULL,2),(8,57,33,'yes',NULL,2),(8,57,34,'yes',NULL,2),(8,57,35,'yes',NULL,2),(8,57,36,'yes',NULL,2),(8,57,37,'yes',NULL,2),(8,57,38,'yes',NULL,2),(8,57,39,'yes',NULL,2),(8,57,40,'yes',NULL,2),(8,57,41,'yes',NULL,2),(8,57,42,'yes',NULL,2),(8,57,43,'yes',NULL,2),(8,57,44,'yes',NULL,2),(8,57,45,'yes',NULL,2),(8,57,46,'yes',NULL,2),(8,57,47,'yes',NULL,2),(8,57,48,'yes',NULL,2),(21,56,33,'yes',NULL,2),(21,56,34,'no',NULL,2),(21,56,35,'yesbut','hellooo',2),(21,56,36,'no',NULL,2),(21,56,37,'yes',NULL,2),(21,56,38,'no',NULL,2),(21,56,39,'yes',NULL,2),(21,56,40,'no',NULL,2),(21,56,41,'yes',NULL,2),(21,56,42,'no',NULL,2),(21,56,43,'yes',NULL,2),(21,56,44,'no',NULL,2),(21,56,45,'yes',NULL,2),(21,56,46,'no',NULL,2),(21,56,47,'yes',NULL,2),(21,56,48,'no',NULL,2),(21,52,17,'yes',NULL,1),(21,52,18,'yes',NULL,1),(21,52,19,'yes',NULL,1),(21,52,20,'yes',NULL,1),(21,52,21,'yes',NULL,1),(21,52,22,'yes',NULL,1),(21,52,23,'yes',NULL,1),(21,52,24,'yes',NULL,1),(21,52,25,'yes',NULL,1),(21,52,26,'yes',NULL,1),(21,52,27,'yes',NULL,1),(21,52,28,'yes',NULL,1),(21,52,29,'yes',NULL,1),(21,52,30,'yes',NULL,1),(21,52,31,'yes',NULL,1),(21,52,32,'yes',NULL,1),(29,70,33,'yes',NULL,2),(29,70,34,'yes',NULL,2),(29,70,35,'yes',NULL,2),(29,70,36,'yes',NULL,2),(29,70,37,'yes',NULL,2),(29,70,38,'yes',NULL,2),(29,70,39,'yes',NULL,2),(29,70,40,'yes',NULL,2),(29,70,41,'yes',NULL,2),(29,70,42,'yes',NULL,2),(29,70,43,'yes',NULL,2),(29,70,44,'yes',NULL,2),(29,70,45,'yes',NULL,2),(29,70,46,'yes',NULL,2),(29,70,47,'yes',NULL,2),(29,70,48,'yes',NULL,2),(29,71,33,'yes',NULL,2),(29,71,34,'no',NULL,2),(29,71,35,'yes',NULL,2),(29,71,36,'no',NULL,2),(29,71,37,'yes',NULL,2),(29,71,38,'no',NULL,2),(29,71,39,'yes',NULL,2),(29,71,40,'no',NULL,2),(29,71,41,'yes',NULL,2),(29,71,42,'no',NULL,2),(29,71,43,'yes',NULL,2),(29,71,44,'no',NULL,2),(29,71,45,'yes',NULL,2),(29,71,46,'no',NULL,2),(29,71,47,'yes',NULL,2),(29,71,48,'no',NULL,2),(29,72,33,'yes',NULL,2),(29,72,34,'yes',NULL,2),(29,72,35,'yes',NULL,2),(29,72,36,'yes',NULL,2),(29,72,37,'yes',NULL,2),(29,72,38,'yes',NULL,2),(29,72,39,'yes',NULL,2),(29,72,40,'yes',NULL,2),(29,72,41,'yes',NULL,2),(29,72,42,'yes',NULL,2),(29,72,43,'yes',NULL,2),(29,72,44,'yes',NULL,2),(29,72,45,'yes',NULL,2),(29,72,46,'yes',NULL,2),(29,72,47,'yes',NULL,2),(29,72,48,'yes',NULL,2),(29,60,33,'yes',NULL,2),(29,60,34,'yes',NULL,2),(29,60,35,'yes',NULL,2),(29,60,36,'yes',NULL,2),(29,60,37,'yes',NULL,2),(29,60,38,'yes',NULL,2),(29,60,39,'yes',NULL,2),(29,60,40,'yes',NULL,2),(29,60,41,'yes',NULL,2),(29,60,42,'yes',NULL,2),(29,60,43,'yes',NULL,2),(29,60,44,'yes',NULL,2),(29,60,45,'yes',NULL,2),(29,60,46,'yes',NULL,2),(29,60,47,'yes',NULL,2),(29,60,48,'yes',NULL,2),(21,60,33,'yes',NULL,2),(21,60,34,'yesbut','h',2),(21,60,35,'no',NULL,2),(21,60,36,'yes',NULL,2),(21,60,37,'yesbut','a',2),(21,60,38,'no',NULL,2),(21,60,39,'yes',NULL,2),(21,60,40,'yesbut','n',2),(21,60,41,'no',NULL,2),(21,60,42,'yes',NULL,2),(21,60,43,'yesbut','k',2),(21,60,44,'no',NULL,2),(21,60,45,'yes',NULL,2),(21,60,46,'yesbut','o',2),(21,60,47,'no',NULL,2),(21,60,48,'yes',NULL,2),(21,63,33,'no',NULL,4),(21,63,34,'no',NULL,4),(21,63,35,'no',NULL,4),(21,63,36,'no',NULL,4),(21,63,37,'no',NULL,4),(21,63,38,'no',NULL,4),(21,63,39,'no',NULL,4),(21,63,40,'no',NULL,4),(21,63,41,'no',NULL,4),(21,63,42,'no',NULL,4),(21,63,43,'no',NULL,4),(21,63,44,'no',NULL,4),(21,63,45,'no',NULL,4),(21,63,46,'no',NULL,4),(21,63,47,'no',NULL,4),(21,63,48,'no',NULL,4),(21,47,17,'no',NULL,1),(21,47,17,'no',NULL,1),(21,47,18,'no',NULL,1),(21,47,18,'no',NULL,1),(21,47,19,'no',NULL,1),(21,47,19,'no',NULL,1),(21,47,20,'no',NULL,1),(21,47,20,'no',NULL,1),(21,47,21,'yes',NULL,1),(21,47,21,'yes',NULL,1),(21,47,22,'yes',NULL,1),(21,47,22,'yes',NULL,1),(21,47,23,'yes',NULL,1),(21,47,23,'yes',NULL,1),(21,47,24,'yes',NULL,1),(21,47,24,'yes',NULL,1),(21,47,25,'yes',NULL,1),(21,47,25,'yes',NULL,1),(21,47,26,'yes',NULL,1),(21,47,26,'yes',NULL,1),(21,47,27,'yes',NULL,1),(21,47,27,'yes',NULL,1),(21,47,28,'yes',NULL,1),(21,47,28,'yes',NULL,1),(21,47,29,'yes',NULL,1),(21,47,29,'yes',NULL,1),(21,47,30,'yes',NULL,1),(21,47,30,'yes',NULL,1),(21,47,31,'yes',NULL,1),(21,47,31,'yes',NULL,1),(21,47,32,'yes',NULL,1),(21,47,32,'yes',NULL,1),(42,68,1,'no',NULL,3),(42,68,2,'yes',NULL,3),(42,68,3,'no',NULL,3),(42,68,4,'yes',NULL,3),(42,68,5,'no',NULL,3),(42,68,6,'yes',NULL,3),(42,68,7,'no',NULL,3),(42,68,8,'yes',NULL,3),(42,68,9,'no',NULL,3),(42,68,10,'yes',NULL,3),(42,68,11,'no',NULL,3),(42,68,12,'yes',NULL,3),(42,68,13,'no',NULL,3),(42,68,14,'yes',NULL,3),(42,68,15,'no',NULL,3),(42,68,16,'yes',NULL,3),(21,61,33,'yes',NULL,4),(21,61,34,'yes',NULL,4),(21,61,35,'yes',NULL,4),(21,61,36,'yes',NULL,4),(21,61,37,'no',NULL,4),(21,61,38,'yes',NULL,4),(21,61,39,'yes',NULL,4),(21,61,40,'yes',NULL,4),(21,61,41,'yes',NULL,4),(21,61,42,'yes',NULL,4),(21,61,43,'yes',NULL,4),(21,61,44,'yes',NULL,4),(21,61,45,'no',NULL,4),(21,61,46,'no',NULL,4),(21,61,47,'no',NULL,4),(21,61,48,'no',NULL,4),(21,62,33,'yes',NULL,4),(21,62,34,'no',NULL,4),(21,62,35,'yes',NULL,4),(21,62,36,'no',NULL,4),(21,62,37,'yes',NULL,4),(21,62,38,'no',NULL,4),(21,62,39,'yes',NULL,4),(21,62,40,'no',NULL,4),(21,62,41,'yes',NULL,4),(21,62,42,'no',NULL,4),(21,62,43,'yes',NULL,4),(21,62,44,'no',NULL,4),(21,62,45,'yesbut','and',4),(21,62,46,'yesbut','w',4),(21,62,47,'yesbut','a',4),(21,62,48,'yesbut','e',4),(21,48,17,'yes',NULL,1),(21,48,18,'yes',NULL,1),(21,48,19,'yes',NULL,1),(21,48,20,'yes',NULL,1),(21,48,21,'yes',NULL,1),(21,48,22,'yes',NULL,1),(21,48,23,'yes',NULL,1),(21,48,24,'yes',NULL,1),(21,48,25,'yes',NULL,1),(21,48,26,'yes',NULL,1),(21,48,27,'yes',NULL,1),(21,48,28,'yes',NULL,1),(21,48,29,'yes',NULL,1),(21,48,30,'yes',NULL,1),(21,48,31,'yes',NULL,1),(21,48,32,'yes',NULL,1),(29,76,17,'yesbut','testing',1),(29,76,18,'yes',NULL,1),(29,76,19,'no',NULL,1),(29,76,20,'yes',NULL,1),(29,76,21,'yes',NULL,1),(29,76,22,'yes',NULL,1),(29,76,23,'yes',NULL,1),(29,76,24,'no',NULL,1),(29,76,25,'yes',NULL,1),(29,76,26,'yes',NULL,1),(29,76,27,'no',NULL,1),(29,76,28,'no',NULL,1),(29,76,29,'no',NULL,1),(29,76,30,'no',NULL,1),(29,76,31,'yesbut','testing',1),(29,76,32,'yes',NULL,1),(44,59,33,'yesbut','Unclear',2),(44,59,34,'yes',NULL,2),(44,59,35,'yes',NULL,2),(44,59,36,'yes',NULL,2),(44,59,37,'yes',NULL,2),(44,59,38,'yes',NULL,2),(44,59,39,'yes',NULL,2),(44,59,40,'yes',NULL,2),(44,59,41,'yes',NULL,2),(44,59,42,'yes',NULL,2),(44,59,43,'yes',NULL,2),(44,59,44,'yes',NULL,2),(44,59,45,'yes',NULL,2),(44,59,46,'yes',NULL,2),(44,59,47,'yes',NULL,2),(44,59,48,'yes',NULL,2),(44,61,33,'yes',NULL,4),(44,61,34,'yes',NULL,4),(44,61,35,'yes',NULL,4),(44,61,36,'yes',NULL,4),(44,61,37,'yes',NULL,4),(44,61,38,'yes',NULL,4),(44,61,39,'yes',NULL,4),(44,61,40,'yes',NULL,4),(44,61,41,'yes',NULL,4),(44,61,42,'yes',NULL,4),(44,61,43,'yes',NULL,4),(44,61,44,'yes',NULL,4),(44,61,45,'yes',NULL,4),(44,61,46,'yes',NULL,4),(44,61,47,'yes',NULL,4),(44,61,48,'yes',NULL,4),(44,62,33,'no',NULL,4),(44,62,34,'no',NULL,4),(44,62,35,'no',NULL,4),(44,62,36,'no',NULL,4),(44,62,37,'no',NULL,4),(44,62,38,'no',NULL,4),(44,62,39,'no',NULL,4),(44,62,40,'no',NULL,4),(44,62,41,'no',NULL,4),(44,62,42,'no',NULL,4),(44,62,43,'no',NULL,4),(44,62,44,'no',NULL,4),(44,62,45,'no',NULL,4),(44,62,46,'no',NULL,4),(44,62,47,'no',NULL,4),(44,62,48,'no',NULL,4),(44,78,33,'no',NULL,5),(44,78,34,'no',NULL,5),(44,78,35,'no',NULL,5),(44,78,36,'no',NULL,5),(44,78,37,'no',NULL,5),(44,78,38,'no',NULL,5),(44,78,39,'no',NULL,5),(44,78,40,'no',NULL,5),(44,78,41,'yesbut','h',5),(44,78,42,'yesbut','a',5),(44,78,43,'yesbut','p',5),(44,78,44,'yesbut','l',5),(44,78,45,'no',NULL,5),(44,78,46,'no',NULL,5),(44,78,47,'no',NULL,5),(44,78,48,'no',NULL,5),(45,73,33,'yesbut','Unclear',2),(45,73,34,'no',NULL,2),(45,73,35,'no',NULL,2),(45,73,36,'no',NULL,2),(45,73,37,'no',NULL,2),(45,73,38,'no',NULL,2),(45,73,39,'no',NULL,2),(45,73,40,'no',NULL,2),(45,73,41,'no',NULL,2),(45,73,42,'no',NULL,2),(45,73,43,'no',NULL,2),(45,73,44,'no',NULL,2),(45,73,45,'yes',NULL,2),(45,73,46,'yes',NULL,2),(45,73,47,'yes',NULL,2),(45,73,48,'yes',NULL,2),(45,49,17,'yes',NULL,1),(45,49,18,'yes',NULL,1),(45,49,19,'yes',NULL,1),(45,49,20,'yes',NULL,1),(45,49,21,'yes',NULL,1),(45,49,22,'yes',NULL,1),(45,49,23,'yes',NULL,1),(45,49,24,'yes',NULL,1),(45,49,25,'no',NULL,1),(45,49,26,'no',NULL,1),(45,49,27,'no',NULL,1),(45,49,28,'no',NULL,1),(45,49,29,'no',NULL,1),(45,49,30,'no',NULL,1),(45,49,31,'no',NULL,1),(45,49,32,'no',NULL,1),(46,11,1,'yesbut','demo',1),(46,11,2,'yes',NULL,1),(46,11,3,'yes',NULL,1),(46,11,4,'yes',NULL,1),(46,11,5,'yes',NULL,1),(46,11,6,'yes',NULL,1),(46,11,7,'yes',NULL,1),(46,11,8,'yes',NULL,1),(46,11,9,'yes',NULL,1),(46,11,10,'yes',NULL,1),(46,11,11,'yes',NULL,1),(46,11,12,'yes',NULL,1),(46,11,13,'yes',NULL,1),(46,11,14,'yes',NULL,1),(46,11,15,'yes',NULL,1),(46,11,16,'yes',NULL,1),(46,80,33,'no',NULL,5),(46,80,34,'no',NULL,5),(46,80,35,'no',NULL,5),(46,80,36,'no',NULL,5),(46,80,37,'yes',NULL,5),(46,80,38,'yes',NULL,5),(46,80,39,'yes',NULL,5),(46,80,40,'yes',NULL,5),(46,80,41,'no',NULL,5),(46,80,42,'no',NULL,5),(46,80,43,'no',NULL,5),(46,80,44,'no',NULL,5),(46,80,45,'yes',NULL,5),(46,80,46,'yes',NULL,5),(46,80,47,'yes',NULL,5),(46,80,48,'yes',NULL,5),(47,13,1,'yesbut','demo',1),(47,13,2,'yes',NULL,1),(47,13,3,'yes',NULL,1),(47,13,4,'yes',NULL,1),(47,13,5,'yes',NULL,1),(47,13,6,'yes',NULL,1),(47,13,7,'yes',NULL,1),(47,13,8,'yes',NULL,1),(47,13,9,'yes',NULL,1),(47,13,10,'yes',NULL,1),(47,13,11,'yes',NULL,1),(47,13,12,'yes',NULL,1),(47,13,13,'yes',NULL,1),(47,13,14,'yes',NULL,1),(47,13,15,'yes',NULL,1),(47,13,16,'yes',NULL,1),(47,89,17,'yes',NULL,1),(47,89,18,'yes',NULL,1),(47,89,19,'yes',NULL,1),(47,89,20,'yes',NULL,1),(47,89,21,'yes',NULL,1),(47,89,22,'yes',NULL,1),(47,89,23,'yes',NULL,1),(47,89,24,'yes',NULL,1),(47,89,25,'yes',NULL,1),(47,89,26,'yes',NULL,1),(47,89,27,'yes',NULL,1),(47,89,28,'yes',NULL,1),(47,89,29,'yes',NULL,1),(47,89,30,'yes',NULL,1),(47,89,31,'yes',NULL,1),(47,89,32,'yes',NULL,1),(21,58,33,'yes',NULL,2),(21,58,34,'yes',NULL,2),(21,58,35,'yes',NULL,2),(21,58,36,'yes',NULL,2),(21,58,37,'yes',NULL,2),(21,58,38,'yes',NULL,2),(21,58,39,'yes',NULL,2),(21,58,40,'yes',NULL,2),(21,58,41,'no',NULL,2),(21,58,42,'no',NULL,2),(21,58,43,'no',NULL,2),(21,58,44,'no',NULL,2),(21,58,45,'no',NULL,2),(21,58,46,'no',NULL,2),(21,58,47,'no',NULL,2),(21,58,48,'no',NULL,2),(21,68,1,'yes',NULL,3),(21,68,2,'yes',NULL,3),(21,68,3,'yes',NULL,3),(21,68,4,'yes',NULL,3),(21,68,5,'no',NULL,3),(21,68,6,'no',NULL,3),(21,68,7,'no',NULL,3),(21,68,8,'no',NULL,3),(21,68,9,'yesbut','ne',3),(21,68,10,'yesbut','omu',3),(21,68,11,'yesbut','ye',3),(21,68,12,'yesbut','ppeo',3),(21,68,13,'yesbut','ne',3),(21,68,14,'yesbut','on',3),(21,68,15,'yesbut','y',3),(21,68,16,'yesbut','eogi',3),(21,69,1,'yes',NULL,3),(21,69,2,'yes',NULL,3),(21,69,3,'yes',NULL,3),(21,69,4,'yes',NULL,3),(21,69,5,'yes',NULL,3),(21,69,6,'yes',NULL,3),(21,69,7,'yesbut','si gne',3),(21,69,8,'yes',NULL,3),(21,69,9,'yes',NULL,3),(21,69,10,'yes',NULL,3),(21,69,11,'yes',NULL,3),(21,69,12,'no',NULL,3),(21,69,13,'yes',NULL,3),(21,69,14,'yes',NULL,3),(21,69,15,'yes',NULL,3),(21,69,16,'yes',NULL,3),(21,78,33,'yes',NULL,5),(21,78,34,'yes',NULL,5),(21,78,35,'yes',NULL,5),(21,78,36,'no',NULL,5),(21,78,37,'no',NULL,5),(21,78,38,'no',NULL,5),(21,78,39,'yes',NULL,5),(21,78,40,'yes',NULL,5),(21,78,41,'yes',NULL,5),(21,78,42,'yes',NULL,5),(21,78,43,'no',NULL,5),(21,78,44,'yesbut','neo',5),(21,78,45,'yesbut','ne',5),(21,78,46,'yesbut','un',5),(21,78,47,'yesbut','na',5),(21,78,48,'yesbut','ege',5),(21,79,33,'yes',NULL,5),(21,79,34,'yes',NULL,5),(21,79,35,'yes',NULL,5),(21,79,36,'no',NULL,5),(21,79,37,'no',NULL,5),(21,79,38,'no',NULL,5),(21,79,39,'yesbut','neo',5),(21,79,40,'yesbut','mu',5),(21,79,41,'yesbut','joh',5),(21,79,42,'no',NULL,5),(21,79,43,'no',NULL,5),(21,79,44,'no',NULL,5),(21,79,45,'yes',NULL,5),(21,79,46,'yes',NULL,5),(21,79,47,'yes',NULL,5),(21,79,48,'yesbut','a',5),(21,85,33,'yes',NULL,5),(21,85,34,'yes',NULL,5),(21,85,35,'yes',NULL,5),(21,85,36,'yes',NULL,5),(21,85,37,'yes',NULL,5),(21,85,38,'yesbut','go',5),(21,85,39,'yesbut','og',5),(21,85,40,'yesbut','i',5),(21,85,41,'yesbut','rea',5),(21,85,42,'yesbut','lly',5),(21,85,43,'yes',NULL,5),(21,85,44,'yes',NULL,5),(21,85,45,'yes',NULL,5),(21,85,46,'yes',NULL,5),(21,85,47,'yes',NULL,5),(21,85,48,'yes',NULL,5),(21,83,33,'yes',NULL,5),(21,83,34,'yes',NULL,5),(21,83,35,'yes',NULL,5),(21,83,36,'yes',NULL,5),(21,83,37,'yesbut','je',5),(21,83,38,'yesbut','ja',5),(21,83,39,'yesbut','ie',5),(21,83,40,'no',NULL,5),(21,83,41,'yesbut','b',5),(21,83,42,'yesbut','t',5),(21,83,43,'no',NULL,5),(21,83,44,'yes',NULL,5),(21,83,45,'yesbut','s',5),(21,83,46,'yes',NULL,5),(21,83,47,'yes',NULL,5),(21,83,48,'yes',NULL,5),(39,97,17,'yes',NULL,1),(39,97,18,'yes',NULL,1),(39,97,19,'yes',NULL,1),(39,97,20,'no',NULL,1),(39,97,21,'no',NULL,1),(39,97,22,'no',NULL,1),(39,97,23,'no',NULL,1),(39,97,24,'no',NULL,1),(39,97,25,'no',NULL,1),(39,97,26,'no',NULL,1),(39,97,27,'no',NULL,1),(39,97,28,'no',NULL,1),(39,97,29,'no',NULL,1),(39,97,30,'no',NULL,1),(39,97,31,'no',NULL,1),(39,97,32,'no',NULL,1),(39,98,17,'no',NULL,1),(39,98,18,'no',NULL,1),(39,98,19,'no',NULL,1),(39,98,20,'no',NULL,1),(39,98,21,'yes',NULL,1),(39,98,22,'yesbut','comment',1),(39,98,23,'yes',NULL,1),(39,98,24,'no',NULL,1),(39,98,25,'yes',NULL,1),(39,98,26,'yes',NULL,1),(39,98,27,'yes',NULL,1),(39,98,28,'yes',NULL,1),(39,98,29,'no',NULL,1),(39,98,30,'no',NULL,1),(39,98,31,'no',NULL,1),(39,98,32,'no',NULL,1),(21,102,17,'yes',NULL,1),(21,102,18,'yes',NULL,1),(21,102,19,'yes',NULL,1),(21,102,20,'no',NULL,1),(21,102,21,'no',NULL,1),(21,102,22,'no',NULL,1),(21,102,23,'no',NULL,1),(21,102,24,'yes',NULL,1),(21,102,25,'yes',NULL,1),(21,102,26,'yes',NULL,1),(21,102,27,'yes',NULL,1),(21,102,28,'no',NULL,1),(21,102,29,'no',NULL,1),(21,102,30,'no',NULL,1),(21,102,31,'yesbut','h',1),(21,102,32,'yes',NULL,1),(21,106,17,'yes',NULL,1),(21,106,18,'yes',NULL,1),(21,106,19,'yes',NULL,1),(21,106,20,'yes',NULL,1),(21,106,21,'no',NULL,1),(21,106,22,'no',NULL,1),(21,106,23,'no',NULL,1),(21,106,24,'no',NULL,1),(21,106,25,'yes',NULL,1),(21,106,26,'yes',NULL,1),(21,106,27,'yes',NULL,1),(21,106,28,'yes',NULL,1),(21,106,29,'no',NULL,1),(21,106,30,'no',NULL,1),(21,106,31,'no',NULL,1),(21,106,32,'no',NULL,1),(43,8,1,'yes',NULL,1),(43,8,2,'yes',NULL,1),(43,8,3,'yes',NULL,1),(43,8,4,'yes',NULL,1),(43,8,5,'yes',NULL,1),(43,8,6,'yes',NULL,1),(43,8,7,'yes',NULL,1),(43,8,8,'yes',NULL,1),(43,8,9,'yes',NULL,1),(43,8,10,'yes',NULL,1),(43,8,11,'yes',NULL,1),(43,8,12,'yes',NULL,1),(43,8,13,'yes',NULL,1),(43,8,14,'yes',NULL,1),(43,8,15,'yes',NULL,1),(43,8,16,'yes',NULL,1),(43,114,1,'yes',NULL,3),(43,114,2,'yes',NULL,3),(43,114,3,'yes',NULL,3),(43,114,4,'yes',NULL,3),(43,114,5,'yes',NULL,3),(43,114,6,'yes',NULL,3),(43,114,7,'yes',NULL,3),(43,114,8,'yes',NULL,3),(43,114,9,'yes',NULL,3),(43,114,10,'yes',NULL,3),(43,114,11,'yes',NULL,3),(43,114,12,'yes',NULL,3),(43,114,13,'yes',NULL,3),(43,114,14,'yes',NULL,3),(43,114,15,'yes',NULL,3),(43,114,16,'yes',NULL,3),(21,114,1,'yesbut','snoeul\'s',3),(21,114,2,'yes',NULL,3),(21,114,3,'yes',NULL,3),(21,114,4,'yes',NULL,3),(21,114,5,'yes',NULL,3),(21,114,6,'yes',NULL,3),(21,114,7,'yesbut','why/',3),(21,114,8,'yes',NULL,3),(21,114,9,'yes',NULL,3),(21,114,10,'yes',NULL,3),(21,114,11,'yes',NULL,3),(21,114,12,'yes',NULL,3),(21,114,13,'yes',NULL,3),(21,114,14,'yes',NULL,3),(21,114,15,'yes',NULL,3),(21,114,16,'yes',NULL,3),(21,64,33,'yes',NULL,4),(21,64,34,'yes',NULL,4),(21,64,35,'yes',NULL,4),(21,64,36,'yes',NULL,4),(21,64,37,'yes',NULL,4),(21,64,38,'yes',NULL,4),(21,64,39,'yes',NULL,4),(21,64,40,'yes',NULL,4),(21,64,41,'yes',NULL,4),(21,64,42,'yes',NULL,4),(21,64,43,'yes',NULL,4),(21,64,44,'yes',NULL,4),(21,64,45,'no',NULL,4),(21,64,46,'no',NULL,4),(21,64,47,'no',NULL,4),(21,64,48,'no',NULL,4),(47,16,1,'yes',NULL,1),(47,16,2,'no',NULL,1),(47,16,3,'yesbut','Demo',1),(47,16,4,'yes',NULL,1),(47,16,5,'no',NULL,1),(47,16,6,'yesbut','Demo',1),(47,16,7,'yes',NULL,1),(47,16,8,'no',NULL,1),(47,16,9,'yesbut','Demo',1),(47,16,10,'yes',NULL,1),(47,16,11,'no',NULL,1),(47,16,12,'yesbut','Demo',1),(47,16,13,'yes',NULL,1),(47,16,14,'yes',NULL,1),(47,16,15,'yes',NULL,1),(47,16,16,'yes',NULL,1),(44,23,1,'yes',NULL,1),(44,23,2,'yes',NULL,1),(44,23,3,'yes',NULL,1),(44,23,4,'yes',NULL,1),(44,23,5,'yesbut','demo',1),(44,23,6,'yes',NULL,1),(44,23,7,'yes',NULL,1),(44,23,8,'yes',NULL,1),(44,23,9,'yes',NULL,1),(44,23,10,'yes',NULL,1),(44,23,11,'yes',NULL,1),(44,23,12,'yes',NULL,1),(44,23,13,'yes',NULL,1),(44,23,14,'yes',NULL,1),(44,23,15,'yes',NULL,1),(44,23,16,'yes',NULL,1),(44,76,17,'yes',NULL,1),(44,76,18,'yes',NULL,1),(44,76,19,'yes',NULL,1),(44,76,20,'yes',NULL,1),(44,76,21,'yes',NULL,1),(44,76,22,'yes',NULL,1),(44,76,23,'yes',NULL,1),(44,76,24,'yes',NULL,1),(44,76,25,'yes',NULL,1),(44,76,26,'yes',NULL,1),(44,76,27,'yes',NULL,1),(44,76,28,'yes',NULL,1),(44,76,29,'yes',NULL,1),(44,76,30,'yes',NULL,1),(44,76,31,'yes',NULL,1),(44,76,32,'yes',NULL,1),(47,14,1,'yesbut','demo',1),(47,14,2,'yes',NULL,1),(47,14,3,'yes',NULL,1),(47,14,4,'yes',NULL,1),(47,14,5,'yes',NULL,1),(47,14,6,'yes',NULL,1),(47,14,7,'yes',NULL,1),(47,14,8,'yes',NULL,1),(47,14,9,'yes',NULL,1),(47,14,10,'yes',NULL,1),(47,14,11,'yes',NULL,1),(47,14,12,'yes',NULL,1),(47,14,13,'yes',NULL,1),(47,14,14,'yes',NULL,1),(47,14,15,'yes',NULL,1),(47,14,16,'yes',NULL,1),(47,120,17,'no',NULL,1),(47,120,18,'no',NULL,1),(47,120,19,'no',NULL,1),(47,120,20,'no',NULL,1),(47,120,21,'no',NULL,1),(47,120,22,'no',NULL,1),(47,120,23,'no',NULL,1),(47,120,24,'no',NULL,1),(47,120,25,'no',NULL,1),(47,120,26,'no',NULL,1),(47,120,27,'no',NULL,1),(47,120,28,'no',NULL,1),(47,120,29,'no',NULL,1),(47,120,30,'no',NULL,1),(47,120,31,'no',NULL,1),(47,120,32,'no',NULL,1),(39,93,33,'yes',NULL,4),(39,93,34,'yes',NULL,4),(39,93,35,'no',NULL,4),(39,93,36,'yes',NULL,4),(39,93,37,'yes',NULL,4),(39,93,38,'yes',NULL,4),(39,93,39,'yes',NULL,4),(39,93,40,'yes',NULL,4),(39,93,41,'yes',NULL,4),(39,93,42,'no',NULL,4),(39,93,43,'no',NULL,4),(39,93,44,'no',NULL,4),(39,93,45,'yes',NULL,4),(39,93,46,'yes',NULL,4),(39,93,47,'yes',NULL,4),(39,93,48,'yes',NULL,4),(47,75,1,'yes',NULL,3),(47,75,2,'yes',NULL,3),(47,75,3,'yes',NULL,3),(47,75,4,'yes',NULL,3),(47,75,5,'yesbut','Demo',3),(47,75,6,'yes',NULL,3),(47,75,7,'yes',NULL,3),(47,75,8,'yes',NULL,3),(47,75,9,'yes',NULL,3),(47,75,10,'yes',NULL,3),(47,75,11,'yes',NULL,3),(47,75,12,'yes',NULL,3),(47,75,13,'yes',NULL,3),(47,75,14,'yes',NULL,3),(47,75,15,'yes',NULL,3),(47,75,16,'yes',NULL,3),(47,121,17,'yes',NULL,1),(47,121,18,'yes',NULL,1),(47,121,19,'no',NULL,1),(47,121,20,'no',NULL,1),(47,121,21,'no',NULL,1),(47,121,22,'no',NULL,1),(47,121,23,'no',NULL,1),(47,121,24,'no',NULL,1),(47,121,25,'no',NULL,1),(47,121,26,'no',NULL,1),(47,121,27,'no',NULL,1),(47,121,28,'no',NULL,1),(47,121,29,'no',NULL,1),(47,121,30,'no',NULL,1),(47,121,31,'no',NULL,1),(47,121,32,'no',NULL,1),(47,18,1,'yesbut','Demo',1),(47,18,2,'yes',NULL,1),(47,18,3,'yes',NULL,1),(47,18,4,'yes',NULL,1),(47,18,5,'yes',NULL,1),(47,18,6,'yes',NULL,1),(47,18,7,'yes',NULL,1),(47,18,8,'yes',NULL,1),(47,18,9,'yes',NULL,1),(47,18,10,'yes',NULL,1),(47,18,11,'yes',NULL,1),(47,18,12,'yes',NULL,1),(47,18,13,'yes',NULL,1),(47,18,14,'yes',NULL,1),(47,18,15,'yes',NULL,1),(47,18,16,'yes',NULL,1),(53,19,1,'yesbut','Demo',1),(53,19,2,'yes',NULL,1),(53,19,3,'yes',NULL,1),(53,19,4,'yes',NULL,1),(53,19,5,'yes',NULL,1),(53,19,6,'yes',NULL,1),(53,19,7,'yes',NULL,1),(53,19,8,'yes',NULL,1),(53,19,9,'yes',NULL,1),(53,19,10,'yes',NULL,1),(53,19,11,'yes',NULL,1),(53,19,12,'yes',NULL,1),(53,19,13,'yes',NULL,1),(53,19,14,'yes',NULL,1),(53,19,15,'yes',NULL,1),(53,19,16,'yes',NULL,1),(53,122,17,'no',NULL,1),(53,122,18,'no',NULL,1),(53,122,19,'no',NULL,1),(53,122,20,'no',NULL,1),(53,122,21,'no',NULL,1),(53,122,22,'no',NULL,1),(53,122,23,'no',NULL,1),(53,122,24,'no',NULL,1),(53,122,25,'no',NULL,1),(53,122,26,'no',NULL,1),(53,122,27,'no',NULL,1),(53,122,28,'no',NULL,1),(53,122,29,'no',NULL,1),(53,122,30,'no',NULL,1),(53,122,31,'no',NULL,1),(53,122,32,'no',NULL,1),(21,13,1,'yes',NULL,1),(21,13,2,'yes',NULL,1),(21,13,3,'yes',NULL,1),(21,13,4,'yes',NULL,1),(21,13,5,'yes',NULL,1),(21,13,6,'yes',NULL,1),(21,13,7,'no',NULL,1),(21,13,8,'no',NULL,1),(21,13,9,'no',NULL,1),(21,13,10,'no',NULL,1),(21,13,11,'no',NULL,1),(21,13,12,'yesbut','demo',1),(21,13,13,'yes',NULL,1),(21,13,14,'yes',NULL,1),(21,13,15,'yes',NULL,1),(21,13,16,'yes',NULL,1),(21,123,17,'no',NULL,1),(21,123,18,'no',NULL,1),(21,123,19,'no',NULL,1),(21,123,20,'no',NULL,1),(21,123,21,'no',NULL,1),(21,123,22,'no',NULL,1),(21,123,23,'yes',NULL,1),(21,123,24,'yes',NULL,1),(21,123,25,'yes',NULL,1),(21,123,26,'yes',NULL,1),(21,123,27,'yes',NULL,1),(21,123,28,'yes',NULL,1),(21,123,29,'yes',NULL,1),(21,123,30,'yes',NULL,1),(21,123,31,'yes',NULL,1),(21,123,32,'yes',NULL,1),(21,81,33,'yesbut','demo',5),(21,81,34,'yes',NULL,5),(21,81,35,'yes',NULL,5),(21,81,36,'yes',NULL,5),(21,81,37,'yes',NULL,5),(21,81,38,'yes',NULL,5),(21,81,39,'yes',NULL,5),(21,81,40,'yes',NULL,5),(21,81,41,'yes',NULL,5),(21,81,42,'yes',NULL,5),(21,81,43,'yes',NULL,5),(21,81,44,'yes',NULL,5),(21,81,45,'yes',NULL,5),(21,81,46,'yes',NULL,5),(21,81,47,'yes',NULL,5),(21,81,48,'yes',NULL,5),(54,17,1,'yesbut','demo',1),(54,17,2,'yes',NULL,1),(54,17,3,'yes',NULL,1),(54,17,4,'yes',NULL,1),(54,17,5,'yes',NULL,1),(54,17,6,'yes',NULL,1),(54,17,7,'yes',NULL,1),(54,17,8,'yes',NULL,1),(54,17,9,'yes',NULL,1),(54,17,10,'yes',NULL,1),(54,17,11,'yes',NULL,1),(54,17,12,'yes',NULL,1),(54,17,13,'yes',NULL,1),(54,17,14,'yes',NULL,1),(54,17,15,'yes',NULL,1),(54,17,16,'yes',NULL,1),(54,124,17,'yesbut','demo',1),(54,124,18,'yesbut','demo',1),(54,124,19,'yes',NULL,1),(54,124,20,'yes',NULL,1),(54,124,21,'yes',NULL,1),(54,124,22,'yes',NULL,1),(54,124,23,'yes',NULL,1),(54,124,24,'yes',NULL,1),(54,124,25,'yes',NULL,1),(54,124,26,'yes',NULL,1),(54,124,27,'yes',NULL,1),(54,124,28,'yes',NULL,1),(54,124,29,'yes',NULL,1),(54,124,30,'yes',NULL,1),(54,124,31,'yes',NULL,1),(54,124,32,'yes',NULL,1),(41,128,1,'yes',NULL,3),(41,128,2,'no',NULL,3),(41,128,3,'yes',NULL,3),(41,128,4,'no',NULL,3),(41,128,5,'yesbut',' ',3),(41,128,6,'no',NULL,3),(41,128,7,'no',NULL,3),(41,128,8,'no',NULL,3),(41,128,9,'yes',NULL,3),(41,128,10,'yesbut',' ',3),(41,128,11,'yesbut',' ',3),(41,128,12,'yes',NULL,3),(41,128,13,'yesbut',' ',3),(41,128,14,'no',NULL,3),(41,128,15,'yes',NULL,3),(41,128,16,'yesbut',' ',3);
/*!40000 ALTER TABLE `evaluation` ENABLE KEYS */;
UNLOCK TABLES;

--
-- Table structure for table `project`
--

DROP TABLE IF EXISTS `project`;
/*!40101 SET @saved_cs_client     = @@character_set_client */;
/*!40101 SET character_set_client = utf8 */;
CREATE TABLE `project` (
  `project_id` int(11) NOT NULL AUTO_INCREMENT,
  `project_name` text,
  `project_description` text,
  `project_img` text,
  PRIMARY KEY (`project_id`)
) ENGINE=InnoDB AUTO_INCREMENT=6 DEFAULT CHARSET=utf8;
/*!40101 SET character_set_client = @saved_cs_client */;

--
-- Dumping data for table `project`
--

LOCK TABLES `project` WRITE;
/*!40000 ALTER TABLE `project` DISABLE KEYS */;
INSERT INTO `project` VALUES (1,'FAIRness of LINCS Datasets and Tools','FAIR evaluation of the LINCS NIH Program tools and datasets','https://www.commonfund.nih.gov/sites/default/files/phenotypic_them1.gif'),(2,'FAIRness of MOD','FAIR evaluation of the Model Organism Databases and Repositories','http://img12.deviantart.net/55b6/i/2015/360/f/0/model_organisms_poster_illustration_by_bewildermunster-d9ljelx.jpg'),(3,'FAIRness of BioToolBay Tools and Databases','FAIR evaluation of tools and databases listed on BioToolBay, an automatically generated site mining bioinformatics resources','http://amp.pharm.mssm.edu/biotoolbay/Website/static/images/bio2.png'),(4,'FAIRness of Repositories and Datasets Listed on DataMed','FAIR evaluation of the repositories and datasets listed on the BioCADDIE DataMed Resource','https://datamed.org/img/biocaddie_png2.png'),(5,'FAIRness of FAIRsharing Databases','FAIR evaluation of the FAIRsharing databases','https://fairsharing.org/static/img/home/svg/FAIRsharing-sdp.svg');
/*!40000 ALTER TABLE `project` ENABLE KEYS */;
UNLOCK TABLES;

--
-- Table structure for table `question`
--

DROP TABLE IF EXISTS `question`;
/*!40101 SET @saved_cs_client     = @@character_set_client */;
/*!40101 SET character_set_client = utf8 */;
CREATE TABLE `question` (
  `q_id` int(11) NOT NULL AUTO_INCREMENT,
  `num` int(11) DEFAULT NULL,
  `version` int(11) DEFAULT '1',
  `content` text,
  `F` text,
  `A` text,
  `I` text,
  `R` text,
  `res_type` text,
  PRIMARY KEY (`q_id`)
) ENGINE=InnoDB AUTO_INCREMENT=49 DEFAULT CHARSET=latin1;
/*!40101 SET character_set_client = @saved_cs_client */;

--
-- Dumping data for table `question`
--

LOCK TABLES `question` WRITE;
/*!40000 ALTER TABLE `question` DISABLE KEYS */;
INSERT INTO `question` VALUES (1,1,1,'The tool is hosted in one or more well-used repositories, if relevant repositories exist.','F','A',NULL,NULL,'Tool'),(2,2,1,'Source code is shared on a public repository.',NULL,'A',NULL,NULL,'Tool'),(3,3,1,'Code is written in an open-source, free programming language.',NULL,'A',NULL,NULL,'Tool'),(4,4,1,'The tool inputs standard data format(s) consistent with community practice.',NULL,'A','I','R','Tool'),(5,5,1,'All previous versions of the tool are made available.',NULL,'A','I','R','Tool'),(6,6,1,'Web-based version is available (in addition to desktop version).',NULL,'A',NULL,'R','Tool'),(7,7,1,'Source code is documented.',NULL,NULL,NULL,'R','Tool'),(8,8,1,'Pipelines that use the tool have been standardized and provide detailed usage guidelines.',NULL,NULL,NULL,'R','Tool'),(9,9,1,'A tutorial page is provided for the tool.',NULL,NULL,NULL,'R','Tool'),(10,10,1,'Example datasets are provided.',NULL,NULL,NULL,'R','Tool'),(11,11,1,'Licensing information is provided on the tool\'s landing page.',NULL,NULL,NULL,'R','Tool'),(12,12,1,'Information is provided describing how to cite the tool.',NULL,NULL,NULL,'R','Tool'),(13,13,1,'Version information is provided for the tool.',NULL,NULL,NULL,'R','Tool'),(14,14,1,'A paper about the tool has been published.',NULL,NULL,NULL,'R','Tool'),(15,15,1,'Video tutorials for the tool are available.',NULL,NULL,NULL,'R','Tool'),(16,16,1,'Contact information is provided for the originator(s) of the tool.',NULL,NULL,NULL,'R','Tool'),(17,1,1,'Standardized IDs are used to identify dataset.','F',NULL,NULL,NULL,'Dataset'),(18,2,1,'The dataset can be located on the host platform via free-text search and menu-driven decision tree search.','F',NULL,NULL,NULL,'Dataset'),(19,3,1,'The dataset is hosted in one or more well-used repositories, if relevant repositories exist.','F','A',NULL,NULL,'Dataset'),(20,4,1,'(Meta)data are assigned a globally unique and eternally persistent identifier.','F',NULL,NULL,'R','Dataset'),(21,5,1,'The dataset is retrievable by a standardized protocol.',NULL,'A',NULL,NULL,'Dataset'),(22,6,1,'The dataset is available in a human-readable format.',NULL,'A',NULL,NULL,'Dataset'),(23,7,1,'The dataset is available in a standard machine-accessible format (that is interoperable with popular analysis tools).',NULL,'A',NULL,NULL,'Dataset'),(24,8,1,'The meta(data) are sufficiently complete to permit effective reuse.',NULL,NULL,NULL,'R','Dataset'),(25,9,1,'Metadata are linked to other relevant datasets, vocabularies and ontologies.',NULL,NULL,'I',NULL,'Dataset'),(26,10,1,'A tutorial page is provided for the dataset to describe the format of the dataset.',NULL,NULL,NULL,'R','Dataset'),(27,11,1,'Information is provided describing how to cite the dataset.',NULL,NULL,NULL,'R','Dataset'),(28,12,1,'A description of the methods used to acquire the data is provided.',NULL,NULL,NULL,'R','Dataset'),(29,13,1,'Licensing information is provided on the dataset\'s landing page.',NULL,NULL,NULL,'R','Dataset'),(30,14,1,'Version information is provided on the dataset\'s landing page.',NULL,NULL,NULL,'R','Dataset'),(31,15,1,'Tools that can be used to analyze the dataset are listed on the dataset\'s landing page.',NULL,NULL,NULL,'R','Dataset'),(32,16,1,'Contact information is provided for the originator(s) of the dataset.',NULL,NULL,NULL,'R','Dataset'),(33,1,1,'The structure of the repository permits efficient discovery of data and metadata by end users.','F',NULL,NULL,NULL,'Repository'),(34,2,1,'The repository is available online.','F','A',NULL,NULL,'Repository'),(35,3,1,'The repository uses a standardized protocol to permit access by users.',NULL,'A',NULL,NULL,'Repository'),(36,4,1,'The repository provides a tutorial that describes detailed usage guidelines.',NULL,'A',NULL,NULL,'Repository'),(37,5,1,'The repository provides a Frequently Asked Questions (FAQ) page and/or user forum as a resource for users.',NULL,'A',NULL,NULL,'Repository'),(38,6,1,'The repository provides contact information for staff to enable users with questions or suggestions to interact with repository experts.',NULL,'A',NULL,NULL,'Repository'),(39,7,1,'The repository is established on standard core infrastructure components including hardware, operating systems, and supporting software.',NULL,'A','I',NULL,'Repository'),(40,8,1,'Tools that can be used to analyze each dataset are listed on the corresponding dataset pages.',NULL,NULL,'I','R','Repository'),(41,9,1,'The repository maintains licenses to manage data access and use.',NULL,NULL,NULL,'R','Repository'),(42,10,1,'The repository hosts data and metadata according to a set of defined criteria to ensure that the resources provided are consistent with the intent of the repository.',NULL,NULL,NULL,'R','Repository'),(43,11,1,'The repository provides sufficient detail about its data and metadata so that users are able to evaluate the quality of these resources.',NULL,NULL,NULL,'R','Repository'),(44,12,1,'Metadata are linked to other relevant datasets, vocabularies and ontologies.',NULL,NULL,NULL,'R','Repository'),(45,13,1,'The repository provides documentation for each resource to permit its complete and accurate citation.',NULL,NULL,NULL,'R','Repository'),(46,14,1,'Sufficient metadata are provided for each dataset to permit accurate and useful employment of the dataset.',NULL,NULL,NULL,'R','Repository'),(47,15,1,'A description of the methods used to acquire the data is provided.',NULL,NULL,NULL,'R','Repository'),(48,16,1,'Version information is provided for each resource, where available.',NULL,NULL,NULL,'R','Repository');
/*!40000 ALTER TABLE `question` ENABLE KEYS */;
UNLOCK TABLES;

--
-- Table structure for table `resource`
--

DROP TABLE IF EXISTS `resource`;
/*!40101 SET @saved_cs_client     = @@character_set_client */;
/*!40101 SET character_set_client = utf8 */;
CREATE TABLE `resource` (
  `resource_id` int(11) NOT NULL AUTO_INCREMENT,
  `resource_name` text,
  `url` text,
  `resource_type` text,
  `description` text,
  `project_id` int(11) DEFAULT '1',
  PRIMARY KEY (`resource_id`)
) ENGINE=InnoDB AUTO_INCREMENT=129 DEFAULT CHARSET=latin1;
/*!40101 SET character_set_client = @saved_cs_client */;

--
-- Dumping data for table `resource`
--

LOCK TABLES `resource` WRITE;
/*!40000 ALTER TABLE `resource` DISABLE KEYS */;
INSERT INTO `resource` VALUES (1,'L1000CDS2','http://amp.pharm.mssm.edu/L1000CDS2/#/index','Tool','An ultra-fast LINCS L1000 Characteristic Direction signature search engine',1),(2,'iLINCS','http://www.ilincs.org/','Tool','An integrative web platform for analysis of LINCS data and signatures',1),(3,'Query App','http://clue.io/query','Tool','Connections to user-defined signatures',1),(4,'Drug-Pathway Browser','http://lincs.hms.harvard.edu/explore/pathway/','Tool','Interactive map of key signal transduction pathways and drug-target data',1),(5,'Drug/Cell-line Browser','http://www.maayanlab.net/LINCS/DCB/','Tool','DCB provides interactive visualization of cancer cell-line viability data',1),(6,'Harmonizome','http://amp.pharm.mssm.edu/Harmonizome/','Tool','Web portal with a collection of 114 datasets abstracted into gene function tables',1),(7,'GEO2Enrichr','http://amp.pharm.mssm.edu/g2e','Tool','A web app and browser extension to extract and analyze signatures from GEO',1),(8,'Enrichr','http://amp.pharm.mssm.edu/Enrichr','Tool','An intuitive web-based gene list enrichment analysis tool with 90 libraries',1),(9,'LINCS Data Portal','http://lincsportal.ccs.miami.edu/dcic-portal/','Tool','Provides unified interface for searching all LINCS dataset packages and entities',1),(10,'Drug Response Browser','http://lincs.hms.harvard.edu/explore/10.1038-nchembio.1337/fallahi-sichani-2013/','Tool','Online tool for browsing breast cancer cell line drug dose-response data',1),(11,'Omics Integrator','http://fraenkel-nsf.csbi.mit.edu/omicsintegrator/','Tool','Discovers networks linking proteomic, transcriptomic, and epigenomic data',1),(12,'Breast Cancer Browser','http://www.cancerbrowser.org/','Tool','Online tool for browsing multiple datasets relevant to breast cancer biology',1),(13,'CREEDS','http://amp.pharm.mssm.edu/CREEDS','Tool','Collections of processed gene, drug and disease signatures from GEO',1),(14,'CLUE Platform','https://clue.io/','Tool','Computational environment to interface with the L1000 data',1),(15,'Slicr','http://amp.pharm.mssm.edu/Slicr','Tool','A metadata search engine that provides easy access to L1000 GEO data',1),(16,'GEN3VA','http://amp.pharm.mssm.edu/gen3va','Tool','Aggregates and analyzes gene expression signatures extracted from GEO',1),(17,'LINCS Canvas Browser','http://www.maayanlab.net/LINCS/LCB/','Tool','LCB provides interactive clustering with enrichment of L1000 signatures',1),(18,'Repurposing App','https://clue.io/repurposing-app','Tool','Tool to explore repurposing collection of ~5000 tool compounds and drugs',1),(19,'TieDIE','https://sysbiowiki.soe.ucsc.edu/tiedie','Tool','Software for computing regulatory subnetworks from mutation and transcript data',1),(20,'SEP L1000','http://maayanlab.net/SEP-L1000','Tool','Web portal for searching and browsing predictive small-molecule/ADR connections',1),(21,'Touchstone App','https://clue.io/touchstone','Tool','Collection of CMap reference signatures',1),(22,'Network2Canvas','http://maayanlab.net/N2C/','Tool','Network visualization on a canvas with enrichment analysis',1),(23,'PAEA','http://amp.pharm.mssm.edu/PAEA','Tool','Enrichment analysis tool implementing the principal angle method',1),(24,'HMS LINCS Database','http://lincs.hms.harvard.edu/db','Tool','Online database for access to HMS LINCS Center datasets and reagent information',1),(25,'AChroMap','http://achromap.neurolincs.org/shiny/achromap/','Tool','A data integration tool for transcriptomic and epigenomic data',1),(26,'GR Browser','http://grcalculator.org/','Tool','Online tool for calculating dose-response metrics and browsing response data',1),(27,'MEPmosaic','http://amp.pharm.mssm.edu/MEPmosaic','Tool','Mosaic visualization of high-content imaging assays of three cancer cell types',1),(28,'LINCS Project Mobile','http://lincsproject.org/LINCS/mobile','Tool','A mobile application to explore LINCS centers and resources',1),(29,'Adaptation Browser','http://lincs.hms.harvard.edu/explore/adaptive-drug-resistance/vips/','Tool','Online tool for browsing melanoma cell line adaptive resistance mechanisms',1),(30,'PIUMet','http://fraenkel-nsf.csbi.mit.edu/PIUMet/','Tool','Tool for discovering pathways of peaks from untargeted metabolomics data',1),(31,'Cell Dynamics Browser','http://lincs.hms.harvard.edu/explore/single-cell-dynamics/','Tool','Online tool for live-cell image data visualization',1),(32,'DToxS Portal','https://martip03.u.hpc.mssm.edu/','Tool','Web portal to provide access to the DToxS Center\'s data, metadata and analyses',1),(33,'Morpheus App','https://clue.io/morpheus/','Tool','An interactive version of the ICV that lets you manipulate and annotate an existing dataset',1),(34,'GF Response Browser','http://lincs.hms.harvard.edu/explore/breast-cancer-signaling/','Tool','Online tool for browsing growth factor-stimulated cell signaling profiles',1),(35,'OMERO','https://lincs-omero.hms.harvard.edu/webclient/userdata/?experimenter=-1','Tool','Client-server software for image data visualization, management, and analysis',1),(36,'ImageRail','http://www.nature.com/nmeth/journal/v8/n6/full/nmeth.1600.html','Tool','Desktop software for formatting and analyzing high-throughput image data',1),(37,'ICV App','https://clue.io/icv','Tool','A matrix-based interactive heatmap to explore relationships within the data',1),(38,'Phosphosite Plus','http://www.phosphosite.org/','Tool','Comprehensive resource for the study of protein post-translational modifications',1),(39,'GUIdock','https://github.com/WebDataScience/GUIdock','Tool','Docker package containing a computational environment to run apps with a GUI',1),(40,'piLINCS','http://eh3.uc.edu/pilincs/#/','Tool','Provides interface and access to LINCS proteomics datasets available in Panorama',1),(41,'RTK Profile Browser','http://lincs.hms.harvard.edu/explore/responses/','Tool','Online tool for browsing breast cancer cell line RTK profiles',1),(42,'Panorama','https://panoramaweb.org/labkey/wiki/LINCS/Overview%20Information/page.view?name=LINCS%20PCCSE%20Overview','Tool','Proteomics repository that provides access to the PCCSE P100 and GCP data',1),(43,'LINCS Data Explorer','https://www.synapse.org/#!Synapse:syn2862345/wiki/231720','Tool','Visualization of the MEMA data from the MEP LINCS Center',1),(44,'LDG-1071','http://lincsportal.ccs.miami.edu/datasets/#/view/LDS-1074','Dataset','GW-5074 KiNativ -- dose response experiment -',1),(45,'LDG-1088','http://lincsportal.ccs.miami.edu/datasets/#/view/LDS-1091','Dataset','CH5424802 KiNativ -- single dose experiment -',1),(46,'LDG-1167','http://lincsportal.ccs.miami.edu/datasets/#/view/LDS-1170','Dataset','CEP-701 KINOMEscan -',1),(47,'LDG-1334','http://lincsportal.ccs.miami.edu/datasets/#/view/LDS-1394','Dataset','Growth factor-induced ERK activity and FoxO3a nuclear-cytoplasmic pulsing dynamics in a mammary epithelial cell line. Dataset 1 of 1: single-cell reporter measurements. ',1),(48,'LDG-1252','http://lincsportal.ccs.miami.edu/datasets/#/view/LDS-1261','Dataset','Breast Cancer Density: Imaging assay of the density- and context-dependence of small molecule perturbagen response in breast cancer cell lines. Dataset 1 of 3: Cell count and normalized growth rate inhibition values. -',1),(49,'LDG-1104','http://lincsportal.ccs.miami.edu/datasets/#/view/LDS-1107','Dataset','A549 cells -- High-throughput Secretomic Analysis of Single Cells High-throughput secretomic analysis of single A549 cells.',1),(50,'LDG-1042','http://lincsportal.ccs.miami.edu/datasets/#/view/LDS-1045','Dataset','A443654 KINOMEscan For the panel of kinases, the percent of kinase bound by ligand is measured in the presence of A443654 at 10 uM of concentration.',1),(51,'LDG-1148','http://lincsportal.ccs.miami.edu/datasets/#/view/LDS-1151','Dataset','AB-1010 KINOMEscan -',1),(52,'LDG-1251','http://lincsportal.ccs.miami.edu/datasets/#/view/LDS-1260','Dataset','5z-7-oxozeaenol KiNativ -- single dose experiment -',1),(53,'LDG-1184','http://lincsportal.ccs.miami.edu/datasets/#/view/LDS-1187','Dataset','BX795 KiNativ -- single dose experiment -',1),(54,'LDG-1121','http://lincsportal.ccs.miami.edu/datasets/#/view/LDS-1124','Dataset','Cell signaling response to growth factors measured by high throughput microscopy -',1),(55,'FlyBase','http://flybase.org/','Repository','Drosophila Database',2),(56,'WormBase','http://www.wormbase.org/','Repository','The C. elegans Genome Database',2),(57,'The Generic Model Organism Project (GMOD)','http://www.gmod.org/wiki/Main_Page','Repository','A Toolkit for Creating New Community Databases of Biology',2),(58,'Gene Ontology Consortium','http://www.geneontology.org/','Repository','Controlled Vocabularies for Gene Product Attributes',2),(59,'Reactome','http://www.reactome.org/','Repository','A Curated Resource of Core Pathways and Reactions in Human Biology',2),(60,'SGD','http://www.yeastgenome.org','Repository','Saccharomyces Genome Database',2),(61,'ArrayExpress','https://www.ebi.ac.uk/arrayexpress/','Repository','ArrayExpress Archive of Functional Genomics Data stores data from high-throughput functional genomics experiments, and provides these data for reuse to the research community.',4),(62,'BiologicalMagneticResonanceDataBank','http://www.bmrb.wisc.edu/','Repository','A Repository for Data from NMR Spectroscopy on Proteins, Peptides, Nucleic Acids, and other Biomolecules',4),(63,'BioProject','https://www.ncbi.nlm.nih.gov/bioproject/','Repository','A BioProject is a collection of biological data related to a single initiative, originating from a single organization or from a consortium. A BioProject record provides users a single place to find links to the diverse data types generated for that project.',4),(64,'CardioVascularResearchGrid','http://cvrgrid.org/','Repository','The CardioVascular Research Grid (CVRG) project is creating an infrastructure for sharing cardiovascular data and data analysis tools. CVRG tools are developed using the Software as a Service model, allowing users to access tools through their browser, thus eliminating the need to install and maintain complex software.',4),(65,'CellImageLibrary','http://www.cellimagelibrary.org/','Repository','The Cell Image Library is a freely accessible, easy-to-search, public repository of reviewed and annotated images, videos, and animations of cells from a variety of organisms, showcasing cell architecture, intracellular functionalities, and both normal and abnormal processes. The purpose of this database is to advance research, education, and training, with the ultimate goal of improving human health.',4),(66,'GenomicDataCommons','https://portal.gdc.cancer.gov/projects','Repository','The NCI\'s Genomic Data Commons (GDC) provides the cancer research community with a unified data repository that enables data sharing across cancer genomic studies in support of precision medicine.',4),(67,'LDG-1283','http://lincsportal.ccs.miami.edu/datasets/#/view/LDS-1343','Dataset','GCP data -  MCF10A Common Project Global chromatin epigentic profiles of MCF10A cell line treated with 8 FDA-approved drugs.',1),(68,'ontoCAT','http://bioconductor.org/help/bioc-views/release/bioc/html/ontoCAT.html','Tool','ontoCAT: anRpackage for ontology traversal and search',3),(69,'ArrayMaker','https://github.com/cw2014/ArrayMaker/','Tool','Simple, rapid and accurate genotyping-by-sequencing from aligned whole genomes with ArrayMaker',3),(70,'zfin.org','http://zfin.org/cgi-bin/webdriver?MIval=aa-ZDB_home.apg','Repository','The Zebrafish Information Network',2),(71,'UniProt KnowledgeBase','http://www.uniprot.org/','Repository','A Portal for Curated Information of Protein Sequence, Classification and Function',2),(72,'UCSC Genome Bioinformatics','http://genome.ucsc.edu/','Repository','A Portal for Genomic Data',2),(73,'RGD','http://www.rgd.mcw.edu/','Repository','The Rat Genome Database',2),(74,'MGI','http://www.informatics.jax.org/','Repository','The Mouse Genome Database',2),(75,'INSYGHT','http://genome.jouy.inra.fr/Insyght','Tool','Synchronized navigation and comparative analyses across Ensembl complete bacterial genomes with INSYGHT',3),(76,'LDG-1107','http://lincsportal.ccs.miami.edu/datasets/#/view/LDS-1110','Dataset','(R)-Roscovitine KINOMEscan For the panel of kinases, the percent of kinase bound by ligand is measured in the presence of (R)-Roscovitine at 10 uM of concentration.',1),(77,'GenomeHubs','http://GenomeHubs.org','Tool','GenomeHubs: simple containerized setup of a custom Ensembl database and web server for any species ',3),(78,'HaploReg','http://compbio.mit.edu/HaploReg','Repository','HaploReg is a tool for exploring annotations of the noncoding genome at variants on haplotype blocks, such as candidate regulatory SNPs at disease-associated loci. Using LD information from the 1000 Genomes Project, linked SNPs and small indels can be visualized along with chromatin state and protein binding annotation from the Roadmap Epigenomics and ENCODE projects, sequence conservation across mammals, the effect of SNPs on regulatory motifs, and the effect of SNPs on expression from eQTL studies. HaploReg is designed for researchers developing mechanistic hypotheses of the impact of non-coding variants on clinical phenotypes and normal variation.',5),(79,'GenBank','http://www.ncbi.nlm.nih.gov/genbank/','Repository','GenBank is the NIH genetic sequence database, an annotated collection of all publicly available DNA sequences.  GenBank is part of the International Nucleotide Sequence Database Collaboration, which comprises the DNA DataBank of Japan (DDBJ), the European Molecular Biology Laboratory (EMBL), and GenBank at NCBI. These three organizations exchange data on a daily basis. The complete release notes for the current version of GenBank are available on the NCBI ftp site. A new release is made every two months.  GenBank growth statistics for both the traditional GenBank divisions and the WGS division are available from each release.',5),(80,'GlycoNAVI','http://glyconavi.org/','Repository','GlycoNAVI is a gateway to free suite of carbohydrate research tools. It will let you access to variety of information and assist your research.',5),(81,'ADHDgene','http://adhd.psych.ac.cn/','Repository','A genetic database for attention deficit hyperactivity disorder.  ADHDgene aims to provide research community with a central genetic resource and analysis platform for ADHD, to help unveil the genetic basis of ADHD and to contribute to global mental health.',5),(82,'Allele frequency resource for research and teaching','http://alfred.med.yale.edu','Repository','ALFRED is designed to make allele frequency data on human population samples readily available for use by the scientific and educational communities.',5),(83,'Animal Transcription Factor Database','http://www.bioguo.org/AnimalTFDB/','Repository','AnimalTFDB is a comprehensive animal transcription factor database. The resource is classification of transcription factors from 50 genomes from species including Homo sapiens and Caenorhabditis elegans. The database also has information on co-transcription factors and chromatin remodelling factors.',5),(84,'Apo and Holo structures DataBase','http://ahdb.ee.ncku.edu.tw/','Repository','AH-DB (Apo and Holo structures DataBase) collects the apo and holo structure pairs of proteins. Proteins are frequently associated with other molecules to perform their functions. Experimental structures determined in the bound state are named holo structures; while structures determined in the unbound state are named apo structures.',5),(85,'Aspergillus Genome Database','http://www.aspgd.org','Repository','The Aspergillus Genome Database is a resource for genomic sequence data as well as gene and protein information for Aspergilli. This publicly available repository is a central point of access to genome, transcriptome and polymorphism data for the fungal research community.',5),(86,'BioSample at the European Bioinformatics Institute','http://www.ebi.ac.uk/biosamples','Repository','The BioSamples database aggregates sample information for reference samples (e.g. Coriell Cell lines) and samples for which data exist in one of the EBI\'s assay databases such as ArrayExpress, the European Nucleotide Archive or PRIDE. It provides links to assays an specific samples, and accepts direct submissions of sample information.',5),(87,'BuG@Sbase','http://bugs.sgul.ac.uk/bugsbase/','Repository','BuG@Sbase is a microbial gene expression and comparative genomic database containing microarray datasets.',5),(88,'SNAP','http://www.broad.mit.edu/mpg/snap/','Tool','SNAP: a web-based tool for identification and annotation of proxy SNPs using HapMap',3),(89,'LDG-1187','http://lincsportal.ccs.miami.edu/datasets/#/view/LDS-1190','Dataset','5z-7-oxozeaenol KINOMEscan For the panel of kinases, the percent of kinase bound by ligand is measured in the presence of 5z-7-oxozeaenol at 10 uM of concentration.',1),(90,'UniProt:Swiss-Prot','http://www.uniprot.org/','Repository','UniProtKB/Swiss-Prot is a manually annotated, non-redundant protein sequence database. It combines information extracted from scientific literature and biocurator-evaluated computational analysis. The aim of UniProtKB/Swiss-Prot is to provide all known relevant information about a particular protein. Annotation is regularly reviewed to keep up with current scientific findings. The manual annotation of an entry involves detailed analysis of the protein sequence and of the scientific literature.',4),(91,'ClinVar','https://www.ncbi.nlm.nih.gov/clinvar/','Repository','ClinVar aggregates information about genomic variation and its relationship to human health.',4),(92,'ClinicalTrialsNetwork','https://datashare.nida.nih.gov/','Repository','A repository of data from completed CTN clinical trials to be distributed to investigators in order to promote new research, encourage further analyses, and disseminate information to the community. Secondary analyses produced from data sharing multiply the scientific contribution of the original research.',4),(93,'ClinicalTrials.gov','https://clinicaltrials.gov','Repository','ClinicalTrials.gov is a registry and results database of publicly and privately supported clinical studies of human participants conducted around the world.',4),(94,'DataverseNetworkProject','http://thedata.org/','Repository','A Dataverse repository is the software installation, which then hosts multiple dataverses. Each dataverse contains datasets, and each dataset contains descriptive metadata and data files (including documentation and code that accompany the data). As an organizing method, dataverses may also contain other dataverses.',4),(95,'LDG-1099','http://lincsportal.ccs.miami.edu/datasets/#/view/LDS-1102','Dataset','Bosutinib KINOMEscan -',1),(96,'LDG-1096','http://lincsportal.ccs.miami.edu/datasets/#/view/LDS-1099','Dataset','A770041 KINOMEscan For the panel of kinases, the percent of kinase bound by ligand is measured in the presence of A770041 at 10 uM of concentration.',1),(97,'LDG-1194','http://lincsportal.ccs.miami.edu/datasets/#/view/LDS-1197','Dataset','Cellarium single cell metabolic profiling assay Metabolic parameters (pH, oxygen, and glucose) are measured for 2 cell lines perturbed by 3 small molecules.',1),(98,'LDG-1076','http://lincsportal.ccs.miami.edu/datasets/#/view/LDS-1079','Dataset','HG-6-64-01 KiNativ -- single dose experiment -',1),(99,'LDG-1348','http://lincsportal.ccs.miami.edu/datasets/#/view/LDS-1409','Dataset','LINCS MCF 10A Common Project: Rolling-time-point sensitivity measures of the MCF 10A breast cell line to 8 small molecule perturbagens. Dataset 2 of 15: End-point cell counts and normalized growth rate inhibition values for all technical replicates of biological replicate 2. ',1),(100,'LDG-1110','http://lincsportal.ccs.miami.edu/datasets/#/view/LDS-1113','Dataset','BS-181 KINOMEscan For the panel of kinases, the percent of kinase bound by ligand is measured in the presence of BS-181 at 10 uM of concentration.',1),(101,'LDG-1083','http://lincsportal.ccs.miami.edu/datasets/#/view/LDS-1086','Dataset','JWE-035 KiNativ -- single dose experiment -',1),(102,'LDG-1335','http://lincsportal.ccs.miami.edu/datasets/#/view/LDS-1395','Dataset','Growth factor-induced ERK activity pulsing dynamics in a mammary epithelial cell line. Dataset 1 of 3: single-cell reporter measurements. ',1),(103,'LDG-1266','http://lincsportal.ccs.miami.edu/datasets/#/view/LDS-1295','Dataset','LINCS Pilot Phase Joint Project: Sensitivity measures of six breast cancer cell lines to a library of small molecule kinase inhibitors (drug combination treatments). Dataset 2 of 2: Mean cell count and mean normalized growth rate inhibition values across technical replicates. -',1),(104,'LDG-1350','http://lincsportal.ccs.miami.edu/datasets/#/view/LDS-1411','Dataset','LINCS MCF 10A Common Project: Rolling-time-point sensitivity measures of the MCF 10A breast cell line to 8 small molecule perturbagens. Dataset 4 of 15: End-point mean cell counts and mean normalized growth rate inhibition values for biological replicate 1. ',1),(105,'LDG-1216','http://lincsportal.ccs.miami.edu/datasets/#/view/LDS-1222','Dataset','Live-cell imaging of cell-to-cell variability in caspase-8 FRET reporter activity and cell fate trajectory modeling -',1),(106,'LDG-1329','http://lincsportal.ccs.miami.edu/datasets/#/view/LDS-1389','Dataset','IGF-I-induced FoxO3a nuclear-cytoplasmic pulsing dynamics in mammary epithelial cell lines following treatment with increasing doses of an AKT inhibitor. Dataset 2 of 3: single-cell reporter pulsing metrics. ',1),(107,'LDG-1363','http://lincsportal.ccs.miami.edu/datasets/#/view/LDS-1426','Dataset','iMN (Exp 2) - iMN long Differentiation protocol - Imaging ',1),(108,'LDG-1302','http://lincsportal.ccs.miami.edu/datasets/#/view/LDS-1362','Dataset','Growth rate-corrected (GR) dose-response metrics across a panel of 71 breast cancer cell lines treated with a library of small molecule and antibody perturbagens. Dataset 1 of 4: Relative cell counts and normalized growth rate inhibition values across technical replicates. ',1),(109,'LDG-1043','http://lincsportal.ccs.miami.edu/datasets/#/view/LDS-1046','Dataset','GDC-0941 KINOMEscan For the panel of kinases, the percent of kinase bound by ligand is measured in the presence of GDC-0941 at 10 uM of concentration.',1),(110,'LDG-1196','http://lincsportal.ccs.miami.edu/datasets/#/view/LDS-1200','Dataset','Drug-drug synergy results from titration experiments The Library of Integrated Network-based Cellular Signatures (LINCS) is a multi-institutional, collaborative project initiated by the National Institutes of Health whose goal is to identify and categorize molecular signatures that occur when cells are exposed to agents that perturb their normal function. Understanding how perturbations affect the behavior of cells is important because it can provide insights into the causes of disease and help researchers develop new therapeutic strategies.',1),(111,'GOrilla','http://cbl-gorilla.cs.technion.ac.il','Tool','GOrilla : a tool for discovery and visualization of enriched GO terms in ranked gene lists',3),(112,'NaviGO','http://kiharalab.org/web/navigo','Tool','NaviGO: interactive tool for visualization and functional similarity and coherence analysis with gene ontology',3),(113,'GOChase','http://www.snubi.org/software/GOChase/','Tool','GOChase: correcting errors from Gene Ontology-based annotations for gene products',3),(114,'Lists2Networks','http://www.lists2networks.org','Tool','Lists2Networks: Integrated analysis of gene/protein lists',3),(115,'BiNChE','https://github.com/pcm32/BiNChE','Tool','BiNChE: A web tool and library for chemical enrichment analysis based on the ChEBI ontology',3),(116,'RL7_SERP5','http://www.uniprot.org/uniprot/A8G8E6','Dataset','11-13-2007',4),(117,'RS2_FRAT1','http://www.uniprot.org/uniprot/Q14JD2','Dataset','08-22-2006',4),(118,'RL9_RHOE4','http://www.uniprot.org/uniprot/C0ZV42','Dataset','05-26-2009',4),(120,'LDG-1267','http://lincsportal.ccs.miami.edu/datasets/#/view/LDS-1299','Dataset','MEMA MCF7 Staining Set 1 Cell cycle and nuclear state imaging readouts for MCF7 cells treated with ligand and ECMp combinations to explore the role of microenvironmental signals in cancer growth.',1),(121,'LDG-1284','http://lincsportal.ccs.miami.edu/datasets/#/view/LDS-41235','Dataset','GCP data - aggregated Global chromatin epigentic profiles of human cancer and NPC cell lines treated with neurodevelopmental compounds, epigenetic compounds and kinase inhibitors.',1),(122,'LDG-1271','http://lincsportal.ccs.miami.edu/datasets/#/view/LDS-1315','Dataset','MEMA PC3 Staining Set 2 Cell cycle and nuclear state imaging readouts for PC3 cells treated with ligand and ECMp combinations to explore the role of microenvironmental signals in cancer growth.',1),(123,'LDG-1160','http://lincsportal.ccs.miami.edu/datasets/#/view/LDS-1163','Dataset','ABT-869 KINOMEscan For the panel of kinases, the Kd is measured using 11 serial threefold dilutions of ABT-869.',1),(124,'LDG-1123','http://lincsportal.ccs.miami.edu/datasets/#/view/LDS-1126','Dataset','Cell signaling response to growth factors measured by ELISA -',1),(125,'GOstat','http://gostat.wehi.edu.au','Tool','GOstat: find statistically overrepresented Gene Ontologies within a group of genes',3),(126,'MATCH TM','http://www.gene-regulation.com/pub/programs.html#match','Tool','MATCH TM : a tool for searching transcription factor binding sites in DNA sequences',3),(127,'BisoGenet','http://bio.cigb.edu.cu/bisogenet-cytoscape/','Tool','BisoGenet: a new tool for gene network building, visualization and analysis',3),(128,'BioWarehouse','http://bioinformatics.ai.sri.com/biowarehouse/','Tool','BioWarehouse: a bioinformatics database warehouse toolkit',3);
/*!40000 ALTER TABLE `resource` ENABLE KEYS */;
UNLOCK TABLES;

--
-- Table structure for table `user`
--

DROP TABLE IF EXISTS `user`;
/*!40101 SET @saved_cs_client     = @@character_set_client */;
/*!40101 SET character_set_client = utf8 */;
CREATE TABLE `user` (
  `user_id` int(11) NOT NULL AUTO_INCREMENT,
  `username` text,
  `password` text,
  `first_name` text,
  `last_name` text,
  `role_evaluator` text,
  `role_starter` text,
  PRIMARY KEY (`user_id`)
) ENGINE=InnoDB AUTO_INCREMENT=56 DEFAULT CHARSET=latin1;
/*!40101 SET character_set_client = @saved_cs_client */;

--
-- Dumping data for table `user`
--

LOCK TABLES `user` WRITE;
/*!40000 ALTER TABLE `user` DISABLE KEYS */;
INSERT INTO `user` VALUES (2,'thisuser@gmail.com','newpass','Ab','Cd','role_evaluator',NULL),(3,'thisuser@gmail.com','passpass','Ab','Cd','role_evaluator',NULL),(4,'thisuser@gmail.com','whew','Ab','Cd','role_evaluator',NULL),(8,'hi@gmail.com','um','Ab','Cd','role_evaluator',NULL),(9,'new@g.com','okoko','Ab','Cd','role_evaluator',NULL),(10,'okr@gmail.com','whew','Ab','Cd','role_evaluator',NULL),(11,'gor@gmail.com','w','Ab','Cd','role_evaluator',NULL),(15,'ok@gmail.com','new','Ab','Cd','role_evaluator',NULL),(16,'userplaceholder@g.com','nnpass','Ab','Cd','role_evaluator',NULL),(17,'th@gmail.com','the','Ab','Cd','role_evaluator',NULL),(18,'tih@gmail.com','th','Ab','Cd','role_evaluator',NULL),(19,'hhh@gmail.com','new','Ab','Cd','role_evaluator',NULL),(21,'ex@gmail.com','ok','Ab','Cd','role_evaluator',NULL),(22,'ne@gmail.com','ne','Ab','Cd','role_evaluator',NULL),(23,'newu@gmail.com','new','Ab','Cd','role_evaluator',NULL),(24,'g@g.com','g','Ab','Cd','role_evaluator',NULL),(25,'x@x.com','x','Ab','Cd','role_evaluator',NULL),(26,'xy@xy.com','xy','Ab','Cd','role_evaluator',NULL),(27,'one@g.com','one','Ab','Cd','role_evaluator',NULL),(28,'gog@g.com','gog','Ab','Cd','role_evaluator',NULL),(29,'avi.maayan@mssm.edu','123456','Ab','Cd','role_evaluator',NULL),(30,'lw@c.com','lw','Ab','Cd','role_evaluator',NULL),(31,'maayan.avi@gmail.com','123456','Ab','Cd','role_evaluator',NULL),(32,'admin@admin.com','admin','Admin','Nimda',NULL,'role_starter'),(33,'r@r.com','r','Ab','Cd','role_evaluator',NULL),(34,'kathleen.jagodnik@mssm.edu','baseball7','Ab','Cd','role_evaluator',NULL),(35,'email@g.com','emm','Email','Liame','role_evaluator',NULL),(36,'f@f.com','f','Fgh','Hijk','role_evaluator',NULL),(37,'h@h.com','h','h','h','role_evaluator',NULL),(38,'aerial192@gmail.com','family19','Derek','Wang','role_evaluator',NULL),(39,'hellonew@gmail.com','password','Hello','New','role_evaluator',NULL),(40,'darrenschneider@deloitte.com','password','Darren','Schneider','role_evaluator',NULL),(41,'denis.torre@mssm.edu','test','test','test','role_evaluator',NULL),(42,'lw@g.com','lw','Lll','Www','role_evaluator',NULL),(43,'kak@edu.com','malina14','pa','ka','role_evaluator',NULL),(44,'d@d.com','d','D','D','role_evaluator',NULL),(45,'o@o.com','o','O','O','role_evaluator',NULL),(46,'home@home.com','home','Abcd','Xyz','role_evaluator',NULL),(47,'lily.wang@mssm.edu','demo','Lily','Wang','role_evaluator',NULL),(48,'naila.karim@seecs.edu.pk','asdfghjkl','Naila','Karim','role_evaluator',NULL),(49,'cherubin@ebi.ac.uk','test','Luca','Cherubin','role_evaluator',NULL),(50,'testuser@test.com','test','Test','Usertest','role_evaluator',NULL),(51,'thistest@test.com','test','This','Test','role_evaluator',NULL),(53,'test1@test.com','test1','Test','Test','role_evaluator',NULL),(54,'test2@test.com','test','Test','Test','role_evaluator',NULL),(55,'test3@test.com','test','test','test','role_evaluator',NULL);
/*!40000 ALTER TABLE `user` ENABLE KEYS */;
UNLOCK TABLES;
/*!40103 SET TIME_ZONE=@OLD_TIME_ZONE */;

/*!40101 SET SQL_MODE=@OLD_SQL_MODE */;
/*!40014 SET FOREIGN_KEY_CHECKS=@OLD_FOREIGN_KEY_CHECKS */;
/*!40014 SET UNIQUE_CHECKS=@OLD_UNIQUE_CHECKS */;
/*!40101 SET CHARACTER_SET_CLIENT=@OLD_CHARACTER_SET_CLIENT */;
/*!40101 SET CHARACTER_SET_RESULTS=@OLD_CHARACTER_SET_RESULTS */;
/*!40101 SET COLLATION_CONNECTION=@OLD_COLLATION_CONNECTION */;
/*!40111 SET SQL_NOTES=@OLD_SQL_NOTES */;

-- Dump completed on 2017-08-15 12:48:34
